{
    "type": "FeatureCollection",
    "features": [
        {
            "type": "Feature",
            "properties": {
                "featurecla": "Admin-0 country",
                "cs": 800000,
                "po": 10000,
                "shg_i": 900000,
                "shg_f": 750000,
                "fpop": 226000000,
                "ratio_pop_fpop": 44,
                "scalerank": 1,
                "labelrank": 2,
                "sovereignt": "India",
                "sov_a3": "IND",
                "adm0_dif": 0,
                "level": 2,
                "type": "Sovereign country",
                "tlc": "1",
                "admin": "India",
                "adm0_a3": "IND",
                "geou_dif": 0,
                "geounit": "India",
                "gu_a3": "IND",
                "su_dif": 0,
                "subunit": "India",
                "su_a3": "IND",
                "brk_diff": 0,
                "name": "India",
                "name_long": "India",
                "brk_a3": "IND",
                "brk_name": "India",
                "brk_group": null,
                "abbrev": "India",
                "postal": "IND",
                "formal_en": "Republic of India",
                "formal_fr": null,
                "name_ciawf": "India",
                "note_adm0": null,
                "note_brk": null,
                "name_sort": "India",
                "name_alt": null,
                "mapcolor7": 1,
                "mapcolor8": 3,
                "mapcolor9": 2,
                "mapcolor13": 2,
                "pop_est": 1366417754,
                "pop_rank": 18,
                "pop_year": 2019,
                "gdp_md": 2868929,
                "gdp_year": 2019,
                "economy": "3. Emerging region: BRIC",
                "income_grp": "4. Lower middle income",
                "fips_10": "IN",
                "iso_a2": "IN",
                "iso_a2_eh": "IN",
                "iso_a3": "IND",
                "iso_a3_eh": "IND",
                "iso_n3": "356",
                "iso_n3_eh": "356",
                "un_a3": "356",
                "wb_a2": "IN",
                "wb_a3": "IND",
                "woe_id": 23424848,
                "woe_id_eh": 23424848,
                "woe_note": "Exact WOE match as country",
                "adm0_iso": "IND",
                "adm0_diff": null,
                "adm0_tlc": "IND",
                "adm0_a3_us": "IND",
                "adm0_a3_fr": "IND",
                "adm0_a3_ru": "IND",
                "adm0_a3_es": "IND",
                "adm0_a3_cn": "IND",
                "adm0_a3_tw": "IND",
                "adm0_a3_in": "IND",
                "adm0_a3_np": "IND",
                "adm0_a3_pk": "IND",
                "adm0_a3_de": "IND",
                "adm0_a3_gb": "IND",
                "adm0_a3_br": "IND",
                "adm0_a3_il": "IND",
                "adm0_a3_ps": "IND",
                "adm0_a3_sa": "IND",
                "adm0_a3_eg": "IND",
                "adm0_a3_ma": "IND",
                "adm0_a3_pt": "IND",
                "adm0_a3_ar": "IND",
                "adm0_a3_jp": "IND",
                "adm0_a3_ko": "IND",
                "adm0_a3_vn": "IND",
                "adm0_a3_tr": "IND",
                "adm0_a3_id": "IND",
                "adm0_a3_pl": "IND",
                "adm0_a3_gr": "IND",
                "adm0_a3_it": "IND",
                "adm0_a3_nl": "IND",
                "adm0_a3_se": "IND",
                "adm0_a3_bd": "IND",
                "adm0_a3_ua": "IND",
                "adm0_a3_un": -99,
                "adm0_a3_wb": -99,
                "continent": "Asia",
                "region_un": "Asia",
                "subregion": "Southern Asia",
                "region_wb": "South Asia",
                "name_len": 5,
                "long_len": 5,
                "abbrev_len": 5,
                "tiny": -99,
                "homepart": 1,
                "min_zoom": 0,
                "min_label": 1.7,
                "max_label": 6.7,
                "label_x": 79.358105,
                "label_y": 22.686852,
                "ne_id": 1159320847,
                "wikidataid": "Q668",
                "name_ar": "الهند",
                "name_bn": "ভারত",
                "name_de": "Indien",
                "name_en": "India",
                "name_es": "India",
                "name_fa": "هند",
                "name_fr": "Inde",
                "name_el": "Ινδία",
                "name_he": "הודו",
                "name_hi": "भारत",
                "name_hu": "India",
                "name_id": "India",
                "name_it": "India",
                "name_ja": "インド",
                "name_ko": "인도",
                "name_nl": "India",
                "name_pl": "Indie",
                "name_pt": "Índia",
                "name_ru": "Индия",
                "name_sv": "Indien",
                "name_tr": "Hindistan",
                "name_uk": "Індія",
                "name_ur": "بھارت",
                "name_vi": "Ấn Độ",
                "name_zh": "印度",
                "name_zht": "印度",
                "fclass_iso": "Admin-0 country",
                "tlc_diff": null,
                "fclass_tlc": "Admin-0 country",
                "fclass_us": null,
                "fclass_fr": null,
                "fclass_ru": null,
                "fclass_es": null,
                "fclass_cn": null,
                "fclass_tw": null,
                "fclass_in": null,
                "fclass_np": null,
                "fclass_pk": null,
                "fclass_de": null,
                "fclass_gb": null,
                "fclass_br": null,
                "fclass_il": null,
                "fclass_ps": null,
                "fclass_sa": null,
                "fclass_eg": null,
                "fclass_ma": null,
                "fclass_pt": null,
                "fclass_ar": null,
                "fclass_jp": null,
                "fclass_ko": null,
                "fclass_vn": null,
                "fclass_tr": null,
                "fclass_id": null,
                "fclass_pl": null,
                "fclass_gr": null,
                "fclass_it": null,
                "fclass_nl": null,
                "fclass_se": null,
                "fclass_bd": null,
                "fclass_ua": null,
                "filename": "IND.geojson",
                "sources": "cs: Ministry of Cooperation, National Cooperative Database 2024-25 (290M members). po: PIB/Ministry of Cooperation Feb 2025 (10K FPOs, 30 lakh farmers, ~40% women). shg_i: Estimated from DAY-NRLM 2024 (14.4M total SHGs; ~900K agriculture-focused based on MKSP coverage of 33.81 lakh women farmers across 84 projects). shg_f: Estimated ~750K (83.5% of SHGs are women-only per NABARD 2024; applied to farming SHGs). fpop: FAO 2022. ratio: Government of India 2024-25.",
                "aum_total_usd": 201830000000,
                "credit_annual_usd": 39250000000,
                "aum_per_group_usd": 118029.0,
                "credit_per_farmer_usd": 174.0,
                "credit_gap_pct": 33,
                "credit_need_per_farmer_usd": 500,
                "aum_sources": "Cooperative banks (StCBs+DCCBs): $161.19B (NABARD FY2024). DAY-NRLM/SHG programs: $40.64B. Annual credit: $27.38B coop banks + $11.87B SHG-BLP (FY2022). 33% depend on informal lenders at 36% interest; 40%+ small/marginal farmers unserved. Avg PACS capital: $1.65M/institution. Avg SHG revolving fund: $238-357/group."
            },
            "geometry": {
                "type": "Polygon",
                "coordinates": [
                    [
                        [
                            97.32711388549004,
                            28.26158274994634
                        ],
                        [
                            97.40256147663614,
                            27.882536119085444
                        ],
                        [
                            97.0519885599681,
                            27.69905894623315
                        ],
                        [
                            97.1339990580153,
                            27.083773505149964
                        ],
                        [
                            96.41936567585097,
                            27.264589341739224
                        ],
                        [
                            95.12476769407496,
                            26.5735720891323
                        ],
                        [
                            95.1551534362626,
                            26.001307277932085
                        ],
                        [
                            94.60324913938538,
                            25.162495428970402
                        ],
                        [
                            94.55265791217164,
                            24.675238348890336
                        ],
                        [
                            94.10674197792507,
                            23.85074087167348
                        ],
                        [
                            93.3251876159428,
                            24.078556423432204
                        ],
                        [
                            93.28632693885928,
                            23.043658352139005
                        ],
                        [
                            93.06029422401463,
                            22.70311066333557
                        ],
                        [
                            93.16612755734837,
                            22.278459580977103
                        ],
                        [
                            92.67272098182556,
                            22.041238918541254
                        ],
                        [
                            92.14603478390681,
                            23.627498684172593
                        ],
                        [
                            91.86992760617132,
                            23.624346421802784
                        ],
                        [
                            91.70647505083211,
                            22.985263983649187
                        ],
                        [
                            91.15896325069973,
                            23.50352692310439
                        ],
                        [
                            91.46772993364368,
                            24.072639471934792
                        ],
                        [
                            91.91509280799443,
                            24.130413723237112
                        ],
                        [
                            92.37620161333481,
                            24.976692816664965
                        ],
                        [
                            91.79959598182208,
                            25.147431748957317
                        ],
                        [
                            90.87221072791212,
                            25.132600612889547
                        ],
                        [
                            89.92069258012185,
                            25.26974986419218
                        ],
                        [
                            89.83248091019962,
                            25.96508209889548
                        ],
                        [
                            89.35509402868729,
                            26.014407253518073
                        ],
                        [
                            88.56304935094977,
                            26.446525580342723
                        ],
                        [
                            88.2097892598025,
                            25.768065700782714
                        ],
                        [
                            88.93155398962308,
                            25.238692328384776
                        ],
                        [
                            88.30637251175602,
                            24.866079413344206
                        ],
                        [
                            88.08442223506242,
                            24.501657212821925
                        ],
                        [
                            88.69994022009092,
                            24.23371491138856
                        ],
                        [
                            88.52976972855379,
                            23.631141872649167
                        ],
                        [
                            88.87631188350309,
                            22.87914642993783
                        ],
                        [
                            89.03196129756623,
                            22.055708319582976
                        ],
                        [
                            88.88876590368542,
                            21.690588487224748
                        ],
                        [
                            88.20849734899522,
                            21.703171698487807
                        ],
                        [
                            86.97570438024027,
                            21.49556163175521
                        ],
                        [
                            87.03316857294887,
                            20.743307806882413
                        ],
                        [
                            86.49935102737379,
                            20.151638495356607
                        ],
                        [
                            85.0602657409097,
                            19.4785788029711
                        ],
                        [
                            83.94100589390001,
                            18.302009792549725
                        ],
                        [
                            83.18921715691785,
                            17.67122142177898
                        ],
                        [
                            82.19279218946592,
                            17.016636053937816
                        ],
                        [
                            82.19124189649719,
                            16.556664130107848
                        ],
                        [
                            81.69271935417748,
                            16.310219224507904
                        ],
                        [
                            80.79199913933014,
                            15.951972357644493
                        ],
                        [
                            80.32489586784388,
                            15.89918488205835
                        ],
                        [
                            80.02506920768644,
                            15.136414903214147
                        ],
                        [
                            80.2332735533904,
                            13.835770778859981
                        ],
                        [
                            80.28629357292186,
                            13.006260687710835
                        ],
                        [
                            79.8625468281285,
                            12.056215318240888
                        ],
                        [
                            79.85799930208682,
                            10.35727509199711
                        ],
                        [
                            79.340511509116,
                            10.30885427493962
                        ],
                        [
                            78.88534549348918,
                            9.546135972527722
                        ],
                        [
                            79.1897196796883,
                            9.216543687370148
                        ],
                        [
                            78.2779407083305,
                            8.933046779816934
                        ],
                        [
                            77.94116539908435,
                            8.252959092639742
                        ],
                        [
                            77.53989790233794,
                            7.965534776232332
                        ],
                        [
                            76.59297895702167,
                            8.89927623131419
                        ],
                        [
                            76.13006147655108,
                            10.299630031775521
                        ],
                        [
                            75.7464673196485,
                            11.308250637248307
                        ],
                        [
                            75.39610110870959,
                            11.781245022015824
                        ],
                        [
                            74.86481570831683,
                            12.741935736537897
                        ],
                        [
                            74.61671715688354,
                            13.99258291264968
                        ],
                        [
                            74.44385949086723,
                            14.617221787977698
                        ],
                        [
                            73.5341992532334,
                            15.99065216721496
                        ],
                        [
                            73.11990929554943,
                            17.928570054592498
                        ],
                        [
                            72.82090945830865,
                            19.208233547436166
                        ],
                        [
                            72.8244751321368,
                            20.419503282141534
                        ],
                        [
                            72.6305334817454,
                            21.356009426351008
                        ],
                        [
                            71.17527347197395,
                            20.757441311114235
                        ],
                        [
                            70.4704586119451,
                            20.877330634031384
                        ],
                        [
                            69.16413008003883,
                            22.0892980005727
                        ],
                        [
                            69.6449276060824,
                            22.450774644454338
                        ],
                        [
                            69.34959679553435,
                            22.84317963306269
                        ],
                        [
                            68.1766451353734,
                            23.69196503345671
                        ],
                        [
                            68.84259931831878,
                            24.35913361256094
                        ],
                        [
                            71.04324018746823,
                            24.3565239527302
                        ],
                        [
                            70.84469933460284,
                            25.21510203704352
                        ],
                        [
                            70.2828731627256,
                            25.72222870533983
                        ],
                        [
                            70.16892662952202,
                            26.491871649678842
                        ],
                        [
                            69.51439293811313,
                            26.940965684511372
                        ],
                        [
                            70.61649620960193,
                            27.989196275335868
                        ],
                        [
                            71.77766564320032,
                            27.913180243434525
                        ],
                        [
                            72.8237516620847,
                            28.961591701772054
                        ],
                        [
                            73.45063846221743,
                            29.97641347911987
                        ],
                        [
                            74.42138024282028,
                            30.979814764931177
                        ],
                        [
                            74.40592898956501,
                            31.69263947196528
                        ],
                        [
                            75.25864179881322,
                            32.2711054550405
                        ],
                        [
                            74.45155927927871,
                            32.7648996038055
                        ],
                        [
                            74.10429365427734,
                            33.44147329358685
                        ],
                        [
                            73.74994835805197,
                            34.31769887952785
                        ],
                        [
                            74.24020267120497,
                            34.748887030571254
                        ],
                        [
                            75.75706098826834,
                            34.50492259372132
                        ],
                        [
                            76.87172163280403,
                            34.65354401299274
                        ],
                        [
                            77.83745079947457,
                            35.494009507787766
                        ],
                        [
                            78.91226891471322,
                            34.32193634697579
                        ],
                        [
                            78.81108646028574,
                            33.50619802503242
                        ],
                        [
                            79.20889163606859,
                            32.994394639613716
                        ],
                        [
                            79.17612877799553,
                            32.48377981213771
                        ],
                        [
                            78.45844648632601,
                            32.61816437431273
                        ],
                        [
                            78.73889448437401,
                            31.515906073527063
                        ],
                        [
                            79.7213668151071,
                            30.88271474865473
                        ],
                        [
                            81.11125613802932,
                            30.183480943313402
                        ],
                        [
                            80.4767212259174,
                            29.72986522065534
                        ],
                        [
                            80.08842451367627,
                            28.79447011974014
                        ],
                        [
                            81.05720258985203,
                            28.416095282499043
                        ],
                        [
                            81.99998742058497,
                            27.925479234319994
                        ],
                        [
                            83.30424889519955,
                            27.36450572357556
                        ],
                        [
                            84.6750179381738,
                            27.234901231387536
                        ],
                        [
                            85.25177859898338,
                            26.726198431906344
                        ],
                        [
                            86.02439293817918,
                            26.63098460540857
                        ],
                        [
                            87.2274719583663,
                            26.397898057556077
                        ],
                        [
                            88.06023766474982,
                            26.41461538340249
                        ],
                        [
                            88.17480431514092,
                            26.81040517832595
                        ],
                        [
                            88.04313276566123,
                            27.445818589786825
                        ],
                        [
                            88.12044070836987,
                            27.876541652939594
                        ],
                        [
                            88.73032596227856,
                            28.086864732367516
                        ],
                        [
                            88.81424848832056,
                            27.299315904239364
                        ],
                        [
                            88.83564253128938,
                            27.098966376243762
                        ],
                        [
                            89.74452762243885,
                            26.719402981059957
                        ],
                        [
                            90.37327477413407,
                            26.87572418874288
                        ],
                        [
                            91.21751264848643,
                            26.808648179628022
                        ],
                        [
                            92.03348351437509,
                            26.83831045176356
                        ],
                        [
                            92.10371178585974,
                            27.452614040633208
                        ],
                        [
                            91.69665652869668,
                            27.771741848251665
                        ],
                        [
                            92.50311893104364,
                            27.89687632904645
                        ],
                        [
                            93.41334760943269,
                            28.640629380807226
                        ],
                        [
                            94.56599043170294,
                            29.277438055939985
                        ],
                        [
                            95.40480228066464,
                            29.03171662039213
                        ],
                        [
                            96.11767866413103,
                            29.452802028922466
                        ],
                        [
                            96.58659061074749,
                            28.83097951915434
                        ],
                        [
                            96.24883344928779,
                            28.411030992134442
                        ],
                        [
                            97.32711388549004,
                            28.26158274994634
                        ]
                    ]
                ]
            }
        },
        {
            "type": "Feature",
            "properties": {
                "featurecla": "Admin-0 country",
                "scalerank": 1,
                "labelrank": 3,
                "sovereignt": "Nepal",
                "cs": 31450,
                "po": "N/A",
                "shg_i": 1300,
                "shg_f": 255,
                "fpop": 19478000,
                "ratio_pop_fpop": 67,
                "sov_a3": "NPL",
                "adm0_dif": 0,
                "level": 2,
                "type": "Sovereign country",
                "tlc": "1",
                "admin": "Nepal",
                "adm0_a3": "NPL",
                "geou_dif": 0,
                "geounit": "Nepal",
                "gu_a3": "NPL",
                "su_dif": 0,
                "subunit": "Nepal",
                "su_a3": "NPL",
                "brk_diff": 0,
                "name": "Nepal",
                "name_long": "Nepal",
                "brk_a3": "NPL",
                "brk_name": "Nepal",
                "brk_group": null,
                "abbrev": "Nepal",
                "postal": "NP",
                "formal_en": "Nepal",
                "formal_fr": null,
                "name_ciawf": "Nepal",
                "note_adm0": null,
                "note_brk": null,
                "name_sort": "Nepal",
                "name_alt": null,
                "mapcolor7": 2,
                "mapcolor8": 2,
                "mapcolor9": 3,
                "mapcolor13": 12,
                "pop_est": 28608710,
                "pop_rank": 15,
                "pop_year": 2019,
                "gdp_md": 30641,
                "gdp_year": 2019,
                "economy": "7. Least developed region",
                "income_grp": "5. Low income",
                "fips_10": "NP",
                "iso_a2": "NP",
                "iso_a2_eh": "NP",
                "iso_a3": "NPL",
                "iso_a3_eh": "NPL",
                "iso_n3": "524",
                "iso_n3_eh": "524",
                "un_a3": "524",
                "wb_a2": "NP",
                "wb_a3": "NPL",
                "woe_id": 23424911,
                "woe_id_eh": 23424911,
                "woe_note": "Exact WOE match as country",
                "adm0_iso": "NPL",
                "adm0_diff": null,
                "adm0_tlc": "NPL",
                "adm0_a3_us": "NPL",
                "adm0_a3_fr": "NPL",
                "adm0_a3_ru": "NPL",
                "adm0_a3_es": "NPL",
                "adm0_a3_cn": "NPL",
                "adm0_a3_tw": "NPL",
                "adm0_a3_in": "NPL",
                "adm0_a3_np": "NPL",
                "adm0_a3_pk": "NPL",
                "adm0_a3_de": "NPL",
                "adm0_a3_gb": "NPL",
                "adm0_a3_br": "NPL",
                "adm0_a3_il": "NPL",
                "adm0_a3_ps": "NPL",
                "adm0_a3_sa": "NPL",
                "adm0_a3_eg": "NPL",
                "adm0_a3_ma": "NPL",
                "adm0_a3_pt": "NPL",
                "adm0_a3_ar": "NPL",
                "adm0_a3_jp": "NPL",
                "adm0_a3_ko": "NPL",
                "adm0_a3_vn": "NPL",
                "adm0_a3_tr": "NPL",
                "adm0_a3_id": "NPL",
                "adm0_a3_pl": "NPL",
                "adm0_a3_gr": "NPL",
                "adm0_a3_it": "NPL",
                "adm0_a3_nl": "NPL",
                "adm0_a3_se": "NPL",
                "adm0_a3_bd": "NPL",
                "adm0_a3_ua": "NPL",
                "adm0_a3_un": -99,
                "adm0_a3_wb": -99,
                "continent": "Asia",
                "region_un": "Asia",
                "subregion": "Southern Asia",
                "region_wb": "South Asia",
                "name_len": 5,
                "long_len": 5,
                "abbrev_len": 5,
                "tiny": -99,
                "homepart": 1,
                "min_zoom": 0,
                "min_label": 3,
                "max_label": 8,
                "label_x": 83.639914,
                "label_y": 28.297925,
                "ne_id": 1159321121,
                "wikidataid": "Q837",
                "name_ar": "نيبال",
                "name_bn": "নেপাল",
                "name_de": "Nepal",
                "name_en": "Nepal",
                "name_es": "Nepal",
                "name_fa": "نپال",
                "name_fr": "Népal",
                "name_el": "Νεπάλ",
                "name_he": "נפאל",
                "name_hi": "नेपाल",
                "name_hu": "Nepál",
                "name_id": "Nepal",
                "name_it": "Nepal",
                "name_ja": "ネパール",
                "name_ko": "네팔",
                "name_nl": "Nepal",
                "name_pl": "Nepal",
                "name_pt": "Nepal",
                "name_ru": "Непал",
                "name_sv": "Nepal",
                "name_tr": "Nepal",
                "name_uk": "Непал",
                "name_ur": "نیپال",
                "name_vi": "Nepal",
                "name_zh": "尼泊尔",
                "name_zht": "尼泊爾",
                "fclass_iso": "Admin-0 country",
                "tlc_diff": null,
                "fclass_tlc": "Admin-0 country",
                "fclass_us": null,
                "fclass_fr": null,
                "fclass_ru": null,
                "fclass_es": null,
                "fclass_cn": null,
                "fclass_tw": null,
                "fclass_in": null,
                "fclass_np": null,
                "fclass_pk": null,
                "fclass_de": null,
                "fclass_gb": null,
                "fclass_br": null,
                "fclass_il": null,
                "fclass_ps": null,
                "fclass_sa": null,
                "fclass_eg": null,
                "fclass_ma": null,
                "fclass_pt": null,
                "fclass_ar": null,
                "fclass_jp": null,
                "fclass_ko": null,
                "fclass_vn": null,
                "fclass_tr": null,
                "fclass_id": null,
                "fclass_pl": null,
                "fclass_gr": null,
                "fclass_it": null,
                "fclass_nl": null,
                "fclass_se": null,
                "fclass_bd": null,
                "fclass_ua": null,
                "filename": "NPL.geojson",
                "sources": "cs: Nepal Ministry of Land Management, Cooperatives and Poverty Alleviation, March 2024 (7.38M members). shg_i: NACCFL - 1,300+ agricultural cooperatives/groups representing ~1M farmers. shg_f: Heifer International Nepal - 255 women-focused cooperatives in 43 districts. fpop: National Sample Census of Agriculture 2021/22. ratio: Nepal CBS 2023.",
                "aum_total_usd": 4230000000,
                "credit_annual_usd": 3360000000,
                "aum_per_group_usd": 129160.0,
                "credit_per_farmer_usd": 173.0,
                "credit_gap_pct": 78,
                "credit_need_per_farmer_usd": 400,
                "aum_sources": "Share capital: $702M (31,450 coops). Deposits: $3.53B. Credit outstanding: $3.36B. Only 21.82% of ag holdings have formal credit. Avg capital per coop: $22,296. Avg per member: $95. Source: Nepal Ministry of Cooperatives/NACCFL 2024."
            },
            "geometry": {
                "type": "Polygon",
                "coordinates": [
                    [
                        [
                            88.12044070836987,
                            27.876541652939594
                        ],
                        [
                            88.04313276566123,
                            27.445818589786825
                        ],
                        [
                            88.17480431514092,
                            26.81040517832595
                        ],
                        [
                            88.06023766474982,
                            26.41461538340249
                        ],
                        [
                            87.2274719583663,
                            26.397898057556077
                        ],
                        [
                            86.02439293817918,
                            26.63098460540857
                        ],
                        [
                            85.25177859898338,
                            26.726198431906344
                        ],
                        [
                            84.6750179381738,
                            27.234901231387536
                        ],
                        [
                            83.30424889519955,
                            27.36450572357556
                        ],
                        [
                            81.99998742058497,
                            27.925479234319994
                        ],
                        [
                            81.05720258985203,
                            28.416095282499043
                        ],
                        [
                            80.08842451367627,
                            28.79447011974014
                        ],
                        [
                            80.4767212259174,
                            29.72986522065534
                        ],
                        [
                            81.11125613802932,
                            30.183480943313402
                        ],
                        [
                            81.52580447787474,
                            30.42271698660863
                        ],
                        [
                            82.32751264845088,
                            30.115268052688137
                        ],
                        [
                            83.33711510613719,
                            29.463731594352197
                        ],
                        [
                            83.89899295444673,
                            29.320226141877658
                        ],
                        [
                            84.23457970575015,
                            28.839893703724698
                        ],
                        [
                            85.01163821812304,
                            28.642773952747344
                        ],
                        [
                            85.82331994013151,
                            28.203575954698707
                        ],
                        [
                            86.9545170430006,
                            27.974261786403517
                        ],
                        [
                            88.12044070836987,
                            27.876541652939594
                        ]
                    ]
                ]
            }
        },
        {
            "type": "Feature",
            "properties": {
                "featurecla": "Admin-0 country",
                "cs": 3982,
                "po": "N/A",
                "shg_i": "N/A",
                "shg_f": "N/A",
                "fpop": 13000000,
                "ratio_pop_fpop": 20,
                "scalerank": 1,
                "labelrank": 3,
                "sovereignt": "Thailand",
                "sov_a3": "THA",
                "adm0_dif": 0,
                "level": 2,
                "type": "Sovereign country",
                "tlc": "1",
                "admin": "Thailand",
                "adm0_a3": "THA",
                "geou_dif": 0,
                "geounit": "Thailand",
                "gu_a3": "THA",
                "su_dif": 0,
                "subunit": "Thailand",
                "su_a3": "THA",
                "brk_diff": 0,
                "name": "Thailand",
                "name_long": "Thailand",
                "brk_a3": "THA",
                "brk_name": "Thailand",
                "brk_group": null,
                "abbrev": "Thai.",
                "postal": "TH",
                "formal_en": "Kingdom of Thailand",
                "formal_fr": null,
                "name_ciawf": "Thailand",
                "note_adm0": null,
                "note_brk": null,
                "name_sort": "Thailand",
                "name_alt": null,
                "mapcolor7": 3,
                "mapcolor8": 6,
                "mapcolor9": 8,
                "mapcolor13": 1,
                "pop_est": 69625582,
                "pop_rank": 16,
                "pop_year": 2019,
                "gdp_md": 543548,
                "gdp_year": 2019,
                "economy": "5. Emerging region: G20",
                "income_grp": "3. Upper middle income",
                "fips_10": "TH",
                "iso_a2": "TH",
                "iso_a2_eh": "TH",
                "iso_a3": "THA",
                "iso_a3_eh": "THA",
                "iso_n3": "764",
                "iso_n3_eh": "764",
                "un_a3": "764",
                "wb_a2": "TH",
                "wb_a3": "THA",
                "woe_id": 23424960,
                "woe_id_eh": 23424960,
                "woe_note": "Exact WOE match as country",
                "adm0_iso": "THA",
                "adm0_diff": null,
                "adm0_tlc": "THA",
                "adm0_a3_us": "THA",
                "adm0_a3_fr": "THA",
                "adm0_a3_ru": "THA",
                "adm0_a3_es": "THA",
                "adm0_a3_cn": "THA",
                "adm0_a3_tw": "THA",
                "adm0_a3_in": "THA",
                "adm0_a3_np": "THA",
                "adm0_a3_pk": "THA",
                "adm0_a3_de": "THA",
                "adm0_a3_gb": "THA",
                "adm0_a3_br": "THA",
                "adm0_a3_il": "THA",
                "adm0_a3_ps": "THA",
                "adm0_a3_sa": "THA",
                "adm0_a3_eg": "THA",
                "adm0_a3_ma": "THA",
                "adm0_a3_pt": "THA",
                "adm0_a3_ar": "THA",
                "adm0_a3_jp": "THA",
                "adm0_a3_ko": "THA",
                "adm0_a3_vn": "THA",
                "adm0_a3_tr": "THA",
                "adm0_a3_id": "THA",
                "adm0_a3_pl": "THA",
                "adm0_a3_gr": "THA",
                "adm0_a3_it": "THA",
                "adm0_a3_nl": "THA",
                "adm0_a3_se": "THA",
                "adm0_a3_bd": "THA",
                "adm0_a3_ua": "THA",
                "adm0_a3_un": -99,
                "adm0_a3_wb": -99,
                "continent": "Asia",
                "region_un": "Asia",
                "subregion": "South-Eastern Asia",
                "region_wb": "East Asia & Pacific",
                "name_len": 8,
                "long_len": 8,
                "abbrev_len": 5,
                "tiny": -99,
                "homepart": 1,
                "min_zoom": 0,
                "min_label": 2.7,
                "max_label": 8,
                "label_x": 101.073198,
                "label_y": 15.45974,
                "ne_id": 1159321305,
                "wikidataid": "Q869",
                "name_ar": "تايلاند",
                "name_bn": "থাইল্যান্ড",
                "name_de": "Thailand",
                "name_en": "Thailand",
                "name_es": "Tailandia",
                "name_fa": "تایلند",
                "name_fr": "Thaïlande",
                "name_el": "Ταϊλάνδη",
                "name_he": "תאילנד",
                "name_hi": "थाईलैण्ड",
                "name_hu": "Thaiföld",
                "name_id": "Thailand",
                "name_it": "Thailandia",
                "name_ja": "タイ王国",
                "name_ko": "태국",
                "name_nl": "Thailand",
                "name_pl": "Tajlandia",
                "name_pt": "Tailândia",
                "name_ru": "Таиланд",
                "name_sv": "Thailand",
                "name_tr": "Tayland",
                "name_uk": "Таїланд",
                "name_ur": "تھائی لینڈ",
                "name_vi": "Thái Lan",
                "name_zh": "泰国",
                "name_zht": "泰國",
                "fclass_iso": "Admin-0 country",
                "tlc_diff": null,
                "fclass_tlc": "Admin-0 country",
                "fclass_us": null,
                "fclass_fr": null,
                "fclass_ru": null,
                "fclass_es": null,
                "fclass_cn": null,
                "fclass_tw": null,
                "fclass_in": null,
                "fclass_np": null,
                "fclass_pk": null,
                "fclass_de": null,
                "fclass_gb": null,
                "fclass_br": null,
                "fclass_il": null,
                "fclass_ps": null,
                "fclass_sa": null,
                "fclass_eg": null,
                "fclass_ma": null,
                "fclass_pt": null,
                "fclass_ar": null,
                "fclass_jp": null,
                "fclass_ko": null,
                "fclass_vn": null,
                "fclass_tr": null,
                "fclass_id": null,
                "fclass_pl": null,
                "fclass_gr": null,
                "fclass_it": null,
                "fclass_nl": null,
                "fclass_se": null,
                "fclass_bd": null,
                "fclass_ua": null,
                "filename": "THA.geojson",
                "sources": "cs: Cooperative Promotion Department 2017 (6.81M members, 95% of farm households). shg_i/shg_f: SHG model not used; farmers organised through coops. fpop: World Bank/FAO. ratio: Trading Economics 2023.",
                "aum_total_usd": 56200000000,
                "credit_annual_usd": 1600000000,
                "aum_per_group_usd": 14113511.0,
                "credit_per_farmer_usd": 123.0,
                "credit_gap_pct": 15,
                "credit_need_per_farmer_usd": 14500,
                "aum_sources": "BAAC total assets: $56.2B (2018). Outstanding loans: $51.6B (2022). Avg farm debt: $14,500/household. 95% of farm HH in coops. Source: CEIC/BAAC 2022."
            },
            "geometry": {
                "type": "Polygon",
                "coordinates": [
                    [
                        [
                            105.21877689007889,
                            14.273211778210694
                        ],
                        [
                            104.28141808473661,
                            14.416743068901367
                        ],
                        [
                            102.98842207236163,
                            14.225721136934467
                        ],
                        [
                            102.34809939983302,
                            13.394247341358223
                        ],
                        [
                            102.5849324890267,
                            12.186594956913282
                        ],
                        [
                            101.68715783081996,
                            12.645740057826572
                        ],
                        [
                            100.83180952352487,
                            12.627084865769206
                        ],
                        [
                            100.9784672383692,
                            13.412721665902566
                        ],
                        [
                            100.09779747925111,
                            13.406856390837433
                        ],
                        [
                            100.01873253784456,
                            12.307001044153354
                        ],
                        [
                            99.47892052612363,
                            10.846366685423547
                        ],
                        [
                            99.15377241414316,
                            9.963061428258555
                        ],
                        [
                            99.22239871622676,
                            9.239255479362427
                        ],
                        [
                            99.87383182169813,
                            9.20786204674512
                        ],
                        [
                            100.27964684448622,
                            8.295152899606052
                        ],
                        [
                            100.45927412313276,
                            7.429572658717177
                        ],
                        [
                            101.01732791545273,
                            6.856868597842478
                        ],
                        [
                            101.62307905477806,
                            6.74062246340192
                        ],
                        [
                            102.14118696493638,
                            6.221636053894628
                        ],
                        [
                            101.81428185425798,
                            5.810808417174242
                        ],
                        [
                            101.15421878459387,
                            5.691384182147715
                        ],
                        [
                            101.07551557821336,
                            6.204867051615921
                        ],
                        [
                            100.25959638875696,
                            6.642824815289543
                        ],
                        [
                            100.0857568705271,
                            6.464489447450291
                        ],
                        [
                            99.69069054565576,
                            6.848212795433597
                        ],
                        [
                            99.51964155476963,
                            7.34345388430276
                        ],
                        [
                            98.9882528015123,
                            7.907993068875328
                        ],
                        [
                            98.503786248776,
                            8.382305202666288
                        ],
                        [
                            98.339661899817,
                            7.794511623562386
                        ],
                        [
                            98.15000939330582,
                            8.350007432483878
                        ],
                        [
                            98.25915001830626,
                            8.973922837759801
                        ],
                        [
                            98.55355065307305,
                            9.932959906448545
                        ],
                        [
                            99.03812055867398,
                            10.960545762572437
                        ],
                        [
                            99.58728600463972,
                            11.892762762901697
                        ],
                        [
                            99.19635379435167,
                            12.80474843998867
                        ],
                        [
                            99.21201175333609,
                            13.269293728076464
                        ],
                        [
                            99.09775516153876,
                            13.827502549693278
                        ],
                        [
                            98.43081912637987,
                            14.622027696180837
                        ],
                        [
                            98.1920740091914,
                            15.123702500870351
                        ],
                        [
                            98.53737592976572,
                            15.308497422746084
                        ],
                        [
                            98.90334842325676,
                            16.17782420497612
                        ],
                        [
                            98.49376102091135,
                            16.83783559820793
                        ],
                        [
                            97.85912275593486,
                            17.567946071843664
                        ],
                        [
                            97.37589643757354,
                            18.445437730375815
                        ],
                        [
                            97.79778283080441,
                            18.627080389881755
                        ],
                        [
                            98.25372399291561,
                            19.708203029860044
                        ],
                        [
                            98.95967573445488,
                            19.752980658440947
                        ],
                        [
                            99.54330936075931,
                            20.186597601802063
                        ],
                        [
                            100.11598758341785,
                            20.417849636308187
                        ],
                        [
                            100.54888105672688,
                            20.109237982661128
                        ],
                        [
                            100.60629357300316,
                            19.508344427971224
                        ],
                        [
                            101.2820146016517,
                            19.462584947176765
                        ],
                        [
                            101.03593143107777,
                            18.408928330961615
                        ],
                        [
                            101.05954756063517,
                            17.51249725999449
                        ],
                        [
                            102.11359175009248,
                            18.109101670804165
                        ],
                        [
                            102.41300499879162,
                            17.932781683824288
                        ],
                        [
                            102.99870568238771,
                            17.9616946476916
                        ],
                        [
                            103.20019209189374,
                            18.309632066312773
                        ],
                        [
                            103.9564766784853,
                            18.24095408779688
                        ],
                        [
                            104.7169470560925,
                            17.42885895433008
                        ],
                        [
                            104.7793205098688,
                            16.44186493577145
                        ],
                        [
                            105.58903852745016,
                            15.570316066952858
                        ],
                        [
                            105.54433841351769,
                            14.723933620660418
                        ],
                        [
                            105.21877689007889,
                            14.273211778210694
                        ]
                    ]
                ]
            }
        },
        {
            "type": "Feature",
            "properties": {
                "featurecla": "Admin-0 country",
                "cs": 20000,
                "po": "N/A",
                "shg_i": "N/A",
                "shg_f": "N/A",
                "fpop": 13900000,
                "ratio_pop_fpop": 33,
                "scalerank": 1,
                "labelrank": 2,
                "sovereignt": "Vietnam",
                "sov_a3": "VNM",
                "adm0_dif": 0,
                "level": 2,
                "type": "Sovereign country",
                "tlc": "1",
                "admin": "Vietnam",
                "adm0_a3": "VNM",
                "geou_dif": 0,
                "geounit": "Vietnam",
                "gu_a3": "VNM",
                "su_dif": 0,
                "subunit": "Vietnam",
                "su_a3": "VNM",
                "brk_diff": 0,
                "name": "Vietnam",
                "name_long": "Vietnam",
                "brk_a3": "VNM",
                "brk_name": "Vietnam",
                "brk_group": null,
                "abbrev": "Viet.",
                "postal": "VN",
                "formal_en": "Socialist Republic of Vietnam",
                "formal_fr": null,
                "name_ciawf": "Vietnam",
                "note_adm0": null,
                "note_brk": null,
                "name_sort": "Vietnam",
                "name_alt": null,
                "mapcolor7": 5,
                "mapcolor8": 6,
                "mapcolor9": 5,
                "mapcolor13": 4,
                "pop_est": 96462106,
                "pop_rank": 16,
                "pop_year": 2019,
                "gdp_md": 261921,
                "gdp_year": 2019,
                "economy": "5. Emerging region: G20",
                "income_grp": "4. Lower middle income",
                "fips_10": "VM",
                "iso_a2": "VN",
                "iso_a2_eh": "VN",
                "iso_a3": "VNM",
                "iso_a3_eh": "VNM",
                "iso_n3": "704",
                "iso_n3_eh": "704",
                "un_a3": "704",
                "wb_a2": "VN",
                "wb_a3": "VNM",
                "woe_id": 23424984,
                "woe_id_eh": 23424984,
                "woe_note": "Exact WOE match as country",
                "adm0_iso": "VNM",
                "adm0_diff": null,
                "adm0_tlc": "VNM",
                "adm0_a3_us": "VNM",
                "adm0_a3_fr": "VNM",
                "adm0_a3_ru": "VNM",
                "adm0_a3_es": "VNM",
                "adm0_a3_cn": "VNM",
                "adm0_a3_tw": "VNM",
                "adm0_a3_in": "VNM",
                "adm0_a3_np": "VNM",
                "adm0_a3_pk": "VNM",
                "adm0_a3_de": "VNM",
                "adm0_a3_gb": "VNM",
                "adm0_a3_br": "VNM",
                "adm0_a3_il": "VNM",
                "adm0_a3_ps": "VNM",
                "adm0_a3_sa": "VNM",
                "adm0_a3_eg": "VNM",
                "adm0_a3_ma": "VNM",
                "adm0_a3_pt": "VNM",
                "adm0_a3_ar": "VNM",
                "adm0_a3_jp": "VNM",
                "adm0_a3_ko": "VNM",
                "adm0_a3_vn": "VNM",
                "adm0_a3_tr": "VNM",
                "adm0_a3_id": "VNM",
                "adm0_a3_pl": "VNM",
                "adm0_a3_gr": "VNM",
                "adm0_a3_it": "VNM",
                "adm0_a3_nl": "VNM",
                "adm0_a3_se": "VNM",
                "adm0_a3_bd": "VNM",
                "adm0_a3_ua": "VNM",
                "adm0_a3_un": -99,
                "adm0_a3_wb": -99,
                "continent": "Asia",
                "region_un": "Asia",
                "subregion": "South-Eastern Asia",
                "region_wb": "East Asia & Pacific",
                "name_len": 7,
                "long_len": 7,
                "abbrev_len": 5,
                "tiny": 2,
                "homepart": 1,
                "min_zoom": 0,
                "min_label": 2,
                "max_label": 7,
                "label_x": 105.387292,
                "label_y": 21.715416,
                "ne_id": 1159321417,
                "wikidataid": "Q881",
                "name_ar": "فيتنام",
                "name_bn": "ভিয়েতনাম",
                "name_de": "Vietnam",
                "name_en": "Vietnam",
                "name_es": "Vietnam",
                "name_fa": "ویتنام",
                "name_fr": "Viêt Nam",
                "name_el": "Βιετνάμ",
                "name_he": "וייטנאם",
                "name_hi": "वियतनाम",
                "name_hu": "Vietnám",
                "name_id": "Vietnam",
                "name_it": "Vietnam",
                "name_ja": "ベトナム",
                "name_ko": "베트남",
                "name_nl": "Vietnam",
                "name_pl": "Wietnam",
                "name_pt": "Vietname",
                "name_ru": "Вьетнам",
                "name_sv": "Vietnam",
                "name_tr": "Vietnam",
                "name_uk": "В'єтнам",
                "name_ur": "ویتنام",
                "name_vi": "Việt Nam",
                "name_zh": "越南",
                "name_zht": "越南",
                "fclass_iso": "Admin-0 country",
                "tlc_diff": null,
                "fclass_tlc": "Admin-0 country",
                "fclass_us": null,
                "fclass_fr": null,
                "fclass_ru": null,
                "fclass_es": null,
                "fclass_cn": null,
                "fclass_tw": null,
                "fclass_in": null,
                "fclass_np": null,
                "fclass_pk": null,
                "fclass_de": null,
                "fclass_gb": null,
                "fclass_br": null,
                "fclass_il": null,
                "fclass_ps": null,
                "fclass_sa": null,
                "fclass_eg": null,
                "fclass_ma": null,
                "fclass_pt": null,
                "fclass_ar": null,
                "fclass_jp": null,
                "fclass_ko": null,
                "fclass_vn": null,
                "fclass_tr": null,
                "fclass_id": null,
                "fclass_pl": null,
                "fclass_gr": null,
                "fclass_it": null,
                "fclass_nl": null,
                "fclass_se": null,
                "fclass_bd": null,
                "fclass_ua": null,
                "filename": "VNM.geojson",
                "sources": "cs: Vietnam NSO/ICA 2019 (20K-24.6K ag coops, 7M+ members). shg_i/shg_f: SHG model not used; cooperative system dominant. fpop: World Bank 2022. ratio: Trading Economics 2023.",
                "aum_total_usd": 13300000000,
                "credit_annual_usd": 4150000000,
                "aum_per_group_usd": 665000.0,
                "credit_per_farmer_usd": 299.0,
                "credit_gap_pct": 40,
                "credit_need_per_farmer_usd": 1200,
                "aum_sources": "VBSP total credit capital: $13.3B (end 2023). Disbursed 2023: $4.15B to 2.2M households. Outstanding: $12.75B. NPL: 0.57%. 1,177 credit unions. Source: VBSP 2024."
            },
            "geometry": {
                "type": "Polygon",
                "coordinates": [
                    [
                        [
                            104.33433475140347,
                            10.48654368737523
                        ],
                        [
                            105.19991499229235,
                            10.889309800658097
                        ],
                        [
                            106.24967003786946,
                            10.961811835163587
                        ],
                        [
                            105.81052371625313,
                            11.567614650921229
                        ],
                        [
                            107.49140302941089,
                            12.337205918827948
                        ],
                        [
                            107.61454796756243,
                            13.535530707244206
                        ],
                        [
                            107.38272749230109,
                            14.202440904186972
                        ],
                        [
                            107.5645251811039,
                            15.20217316330556
                        ],
                        [
                            107.3127059265456,
                            15.90853831630318
                        ],
                        [
                            106.55600792849569,
                            16.604283962464805
                        ],
                        [
                            105.92576216026403,
                            17.48531545660896
                        ],
                        [
                            105.09459842328152,
                            18.66697459561108
                        ],
                        [
                            103.89653201702671,
                            19.265180975821806
                        ],
                        [
                            104.18338789267894,
                            19.62466807706022
                        ],
                        [
                            104.8225736836971,
                            19.886641750563882
                        ],
                        [
                            104.43500044150805,
                            20.75873322192153
                        ],
                        [
                            103.20386111858645,
                            20.76656220141375
                        ],
                        [
                            102.75489627483466,
                            21.675137233969465
                        ],
                        [
                            102.17043582561358,
                            22.464753119389304
                        ],
                        [
                            102.7069922221001,
                            22.708795070887675
                        ],
                        [
                            103.50451460166056,
                            22.70375661873921
                        ],
                        [
                            104.47685835166448,
                            22.819150092046968
                        ],
                        [
                            105.32920942588663,
                            23.352063300056912
                        ],
                        [
                            105.81124718630522,
                            22.976892401617903
                        ],
                        [
                            106.72540327354847,
                            22.79426788989842
                        ],
                        [
                            106.56727339073532,
                            22.21820486092477
                        ],
                        [
                            107.04342003787264,
                            21.811898912029914
                        ],
                        [
                            108.05018029178294,
                            21.55237986906012
                        ],
                        [
                            106.7150679870901,
                            20.69685069425202
                        ],
                        [
                            105.88168216351903,
                            19.752050482659698
                        ],
                        [
                            105.66200564984631,
                            19.05816518806057
                        ],
                        [
                            106.42681684776602,
                            18.004120998603227
                        ],
                        [
                            107.36195356651974,
                            16.697456569887052
                        ],
                        [
                            108.26949507042963,
                            16.07974233648615
                        ],
                        [
                            108.87710656131748,
                            15.27669057867044
                        ],
                        [
                            109.33526981001722,
                            13.426028347217724
                        ],
                        [
                            109.20013593957398,
                            11.666859239137764
                        ],
                        [
                            108.36612999881545,
                            11.008320624226272
                        ],
                        [
                            107.22092858279524,
                            10.364483954301832
                        ],
                        [
                            106.40511274620343,
                            9.53083974856932
                        ],
                        [
                            105.15826378786511,
                            8.599759629750494
                        ],
                        [
                            104.79518517458239,
                            9.241038316276502
                        ],
                        [
                            105.07620161338562,
                            9.918490505406808
                        ],
                        [
                            104.33433475140347,
                            10.48654368737523
                        ]
                    ]
                ]
            }
        },
        {
            "type": "Feature",
            "properties": {
                "featurecla": "Admin-0 country",
                "cs": 1217,
                "po": 1908,
                "shg_i": 540,
                "shg_f": "N/A",
                "fpop": 3100000,
                "ratio_pop_fpop": 52,
                "scalerank": 1,
                "labelrank": 3,
                "sovereignt": "Cambodia",
                "sov_a3": "KHM",
                "adm0_dif": 0,
                "level": 2,
                "type": "Sovereign country",
                "tlc": "1",
                "admin": "Cambodia",
                "adm0_a3": "KHM",
                "geou_dif": 0,
                "geounit": "Cambodia",
                "gu_a3": "KHM",
                "su_dif": 0,
                "subunit": "Cambodia",
                "su_a3": "KHM",
                "brk_diff": 0,
                "name": "Cambodia",
                "name_long": "Cambodia",
                "brk_a3": "KHM",
                "brk_name": "Cambodia",
                "brk_group": null,
                "abbrev": "Camb.",
                "postal": "KH",
                "formal_en": "Kingdom of Cambodia",
                "formal_fr": null,
                "name_ciawf": "Cambodia",
                "note_adm0": null,
                "note_brk": null,
                "name_sort": "Cambodia",
                "name_alt": null,
                "mapcolor7": 6,
                "mapcolor8": 3,
                "mapcolor9": 6,
                "mapcolor13": 5,
                "pop_est": 16486542,
                "pop_rank": 14,
                "pop_year": 2019,
                "gdp_md": 27089,
                "gdp_year": 2019,
                "economy": "7. Least developed region",
                "income_grp": "5. Low income",
                "fips_10": "CB",
                "iso_a2": "KH",
                "iso_a2_eh": "KH",
                "iso_a3": "KHM",
                "iso_a3_eh": "KHM",
                "iso_n3": "116",
                "iso_n3_eh": "116",
                "un_a3": "116",
                "wb_a2": "KH",
                "wb_a3": "KHM",
                "woe_id": 23424776,
                "woe_id_eh": 23424776,
                "woe_note": "Exact WOE match as country",
                "adm0_iso": "KHM",
                "adm0_diff": null,
                "adm0_tlc": "KHM",
                "adm0_a3_us": "KHM",
                "adm0_a3_fr": "KHM",
                "adm0_a3_ru": "KHM",
                "adm0_a3_es": "KHM",
                "adm0_a3_cn": "KHM",
                "adm0_a3_tw": "KHM",
                "adm0_a3_in": "KHM",
                "adm0_a3_np": "KHM",
                "adm0_a3_pk": "KHM",
                "adm0_a3_de": "KHM",
                "adm0_a3_gb": "KHM",
                "adm0_a3_br": "KHM",
                "adm0_a3_il": "KHM",
                "adm0_a3_ps": "KHM",
                "adm0_a3_sa": "KHM",
                "adm0_a3_eg": "KHM",
                "adm0_a3_ma": "KHM",
                "adm0_a3_pt": "KHM",
                "adm0_a3_ar": "KHM",
                "adm0_a3_jp": "KHM",
                "adm0_a3_ko": "KHM",
                "adm0_a3_vn": "KHM",
                "adm0_a3_tr": "KHM",
                "adm0_a3_id": "KHM",
                "adm0_a3_pl": "KHM",
                "adm0_a3_gr": "KHM",
                "adm0_a3_it": "KHM",
                "adm0_a3_nl": "KHM",
                "adm0_a3_se": "KHM",
                "adm0_a3_bd": "KHM",
                "adm0_a3_ua": "KHM",
                "adm0_a3_un": -99,
                "adm0_a3_wb": -99,
                "continent": "Asia",
                "region_un": "Asia",
                "subregion": "South-Eastern Asia",
                "region_wb": "East Asia & Pacific",
                "name_len": 8,
                "long_len": 8,
                "abbrev_len": 5,
                "tiny": -99,
                "homepart": 1,
                "min_zoom": 0,
                "min_label": 3,
                "max_label": 8,
                "label_x": 104.50487,
                "label_y": 12.647584,
                "ne_id": 1159320979,
                "wikidataid": "Q424",
                "name_ar": "كمبوديا",
                "name_bn": "কম্বোডিয়া",
                "name_de": "Kambodscha",
                "name_en": "Cambodia",
                "name_es": "Camboya",
                "name_fa": "کامبوج",
                "name_fr": "Cambodge",
                "name_el": "Καμπότζη",
                "name_he": "קמבודיה",
                "name_hi": "कम्बोडिया",
                "name_hu": "Kambodzsa",
                "name_id": "Kamboja",
                "name_it": "Cambogia",
                "name_ja": "カンボジア",
                "name_ko": "캄보디아",
                "name_nl": "Cambodja",
                "name_pl": "Kambodża",
                "name_pt": "Camboja",
                "name_ru": "Камбоджа",
                "name_sv": "Kambodja",
                "name_tr": "Kamboçya",
                "name_uk": "Камбоджа",
                "name_ur": "کمبوڈیا",
                "name_vi": "Campuchia",
                "name_zh": "柬埔寨",
                "name_zht": "柬埔寨",
                "fclass_iso": "Admin-0 country",
                "tlc_diff": null,
                "fclass_tlc": "Admin-0 country",
                "fclass_us": null,
                "fclass_fr": null,
                "fclass_ru": null,
                "fclass_es": null,
                "fclass_cn": null,
                "fclass_tw": null,
                "fclass_in": null,
                "fclass_np": null,
                "fclass_pk": null,
                "fclass_de": null,
                "fclass_gb": null,
                "fclass_br": null,
                "fclass_il": null,
                "fclass_ps": null,
                "fclass_sa": null,
                "fclass_eg": null,
                "fclass_ma": null,
                "fclass_pt": null,
                "fclass_ar": null,
                "fclass_jp": null,
                "fclass_ko": null,
                "fclass_vn": null,
                "fclass_tr": null,
                "fclass_id": null,
                "fclass_pl": null,
                "fclass_gr": null,
                "fclass_it": null,
                "fclass_nl": null,
                "fclass_se": null,
                "fclass_bd": null,
                "fclass_ua": null,
                "filename": "KHM.geojson",
                "sources": "cs: MAFF/MDPI 2021 (155,591 members, 63% female). po: FAO/IFAD. shg_i: ScienceDirect/CWS 2016. fpop: Cambodia Ag Survey 2021. ratio: World Bank/NSO 2023.",
                "aum_total_usd": 5160000000,
                "credit_annual_usd": 5160000000,
                "aum_per_group_usd": 1407913.0,
                "credit_per_farmer_usd": 1665.0,
                "credit_gap_pct": 85,
                "credit_need_per_farmer_usd": 800,
                "aum_sources": "MFI sector outstanding: $5.16B supporting 1.48M people (2024). PAR 30+: 8.7%. Example AC revolving fund: $15-30K/year. Interest: 12%. Source: CMA 2024, IFAD ASPIRE-AT."
            },
            "geometry": {
                "type": "Polygon",
                "coordinates": [
                    [
                        [
                            102.5849324890267,
                            12.186594956913282
                        ],
                        [
                            102.34809939983302,
                            13.394247341358223
                        ],
                        [
                            102.98842207236163,
                            14.225721136934467
                        ],
                        [
                            104.28141808473661,
                            14.416743068901367
                        ],
                        [
                            105.21877689007889,
                            14.273211778210694
                        ],
                        [
                            106.04394616091552,
                            13.881091009979956
                        ],
                        [
                            106.49637332563088,
                            14.570583807834282
                        ],
                        [
                            107.38272749230109,
                            14.202440904186972
                        ],
                        [
                            107.61454796756243,
                            13.535530707244206
                        ],
                        [
                            107.49140302941089,
                            12.337205918827948
                        ],
                        [
                            105.81052371625313,
                            11.567614650921229
                        ],
                        [
                            106.24967003786946,
                            10.961811835163587
                        ],
                        [
                            105.19991499229235,
                            10.889309800658097
                        ],
                        [
                            104.33433475140347,
                            10.48654368737523
                        ],
                        [
                            103.4972799011397,
                            10.632555446815928
                        ],
                        [
                            103.09068973186726,
                            11.153660590047165
                        ],
                        [
                            102.5849324890267,
                            12.186594956913282
                        ]
                    ]
                ]
            }
        },
        {
            "type": "Feature",
            "properties": {
                "featurecla": "Admin-0 country",
                "cs": 14417,
                "po": 119,
                "shg_i": "N/A",
                "shg_f": "N/A",
                "fpop": 1030000,
                "ratio_pop_fpop": 3,
                "scalerank": 1,
                "labelrank": 3,
                "sovereignt": "Malaysia",
                "sov_a3": "MYS",
                "adm0_dif": 0,
                "level": 2,
                "type": "Sovereign country",
                "tlc": "1",
                "admin": "Malaysia",
                "adm0_a3": "MYS",
                "geou_dif": 0,
                "geounit": "Malaysia",
                "gu_a3": "MYS",
                "su_dif": 0,
                "subunit": "Malaysia",
                "su_a3": "MYS",
                "brk_diff": 0,
                "name": "Malaysia",
                "name_long": "Malaysia",
                "brk_a3": "MYS",
                "brk_name": "Malaysia",
                "brk_group": null,
                "abbrev": "Malay.",
                "postal": "MY",
                "formal_en": "Malaysia",
                "formal_fr": null,
                "name_ciawf": "Malaysia",
                "note_adm0": null,
                "note_brk": null,
                "name_sort": "Malaysia",
                "name_alt": null,
                "mapcolor7": 2,
                "mapcolor8": 4,
                "mapcolor9": 3,
                "mapcolor13": 6,
                "pop_est": 31949777,
                "pop_rank": 15,
                "pop_year": 2019,
                "gdp_md": 364681,
                "gdp_year": 2019,
                "economy": "6. Developing region",
                "income_grp": "3. Upper middle income",
                "fips_10": "MY",
                "iso_a2": "MY",
                "iso_a2_eh": "MY",
                "iso_a3": "MYS",
                "iso_a3_eh": "MYS",
                "iso_n3": "458",
                "iso_n3_eh": "458",
                "un_a3": "458",
                "wb_a2": "MY",
                "wb_a3": "MYS",
                "woe_id": 23424901,
                "woe_id_eh": 23424901,
                "woe_note": "Exact WOE match as country",
                "adm0_iso": "MYS",
                "adm0_diff": null,
                "adm0_tlc": "MYS",
                "adm0_a3_us": "MYS",
                "adm0_a3_fr": "MYS",
                "adm0_a3_ru": "MYS",
                "adm0_a3_es": "MYS",
                "adm0_a3_cn": "MYS",
                "adm0_a3_tw": "MYS",
                "adm0_a3_in": "MYS",
                "adm0_a3_np": "MYS",
                "adm0_a3_pk": "MYS",
                "adm0_a3_de": "MYS",
                "adm0_a3_gb": "MYS",
                "adm0_a3_br": "MYS",
                "adm0_a3_il": "MYS",
                "adm0_a3_ps": "MYS",
                "adm0_a3_sa": "MYS",
                "adm0_a3_eg": "MYS",
                "adm0_a3_ma": "MYS",
                "adm0_a3_pt": "MYS",
                "adm0_a3_ar": "MYS",
                "adm0_a3_jp": "MYS",
                "adm0_a3_ko": "MYS",
                "adm0_a3_vn": "MYS",
                "adm0_a3_tr": "MYS",
                "adm0_a3_id": "MYS",
                "adm0_a3_pl": "MYS",
                "adm0_a3_gr": "MYS",
                "adm0_a3_it": "MYS",
                "adm0_a3_nl": "MYS",
                "adm0_a3_se": "MYS",
                "adm0_a3_bd": "MYS",
                "adm0_a3_ua": "MYS",
                "adm0_a3_un": -99,
                "adm0_a3_wb": -99,
                "continent": "Asia",
                "region_un": "Asia",
                "subregion": "South-Eastern Asia",
                "region_wb": "East Asia & Pacific",
                "name_len": 8,
                "long_len": 8,
                "abbrev_len": 6,
                "tiny": -99,
                "homepart": 1,
                "min_zoom": 0,
                "min_label": 3,
                "max_label": 8,
                "label_x": 113.83708,
                "label_y": 2.528667,
                "ne_id": 1159321083,
                "wikidataid": "Q833",
                "name_ar": "ماليزيا",
                "name_bn": "মালয়েশিয়া",
                "name_de": "Malaysia",
                "name_en": "Malaysia",
                "name_es": "Malasia",
                "name_fa": "مالزی",
                "name_fr": "Malaisie",
                "name_el": "Μαλαισία",
                "name_he": "מלזיה",
                "name_hi": "मलेशिया",
                "name_hu": "Malajzia",
                "name_id": "Malaysia",
                "name_it": "Malaysia",
                "name_ja": "マレーシア",
                "name_ko": "말레이시아",
                "name_nl": "Maleisië",
                "name_pl": "Malezja",
                "name_pt": "Malásia",
                "name_ru": "Малайзия",
                "name_sv": "Malaysia",
                "name_tr": "Malezya",
                "name_uk": "Малайзія",
                "name_ur": "ملائیشیا",
                "name_vi": "Malaysia",
                "name_zh": "马来西亚",
                "name_zht": "馬來西亞",
                "fclass_iso": "Admin-0 country",
                "tlc_diff": null,
                "fclass_tlc": "Admin-0 country",
                "fclass_us": null,
                "fclass_fr": null,
                "fclass_ru": null,
                "fclass_es": null,
                "fclass_cn": null,
                "fclass_tw": null,
                "fclass_in": null,
                "fclass_np": null,
                "fclass_pk": null,
                "fclass_de": null,
                "fclass_gb": null,
                "fclass_br": null,
                "fclass_il": null,
                "fclass_ps": null,
                "fclass_sa": null,
                "fclass_eg": null,
                "fclass_ma": null,
                "fclass_pt": null,
                "fclass_ar": null,
                "fclass_jp": null,
                "fclass_ko": null,
                "fclass_vn": null,
                "fclass_tr": null,
                "fclass_id": null,
                "fclass_pl": null,
                "fclass_gr": null,
                "fclass_it": null,
                "fclass_nl": null,
                "fclass_se": null,
                "fclass_bd": null,
                "fclass_ua": null,
                "filename": "MYS.geojson",
                "sources": "cs: ICA-Coops4dev 2019 (6.05M members). po: FOA 2006. shg: not applicable. fpop: Malaysia Agriculture Census 2024. ratio: DoSM 2024.",
                "aum_total_usd": 3400000000,
                "credit_annual_usd": 2680000000,
                "aum_per_group_usd": 233902.0,
                "credit_per_farmer_usd": 2602.0,
                "credit_gap_pct": 25,
                "credit_need_per_farmer_usd": 2600,
                "aum_sources": "Agrobank disbursements: $2.68B (2024, +25.46% YoY). Deposits: $3.40B (5-year high). SME: $140.5M. Micro: $46.4M. Source: Agrobank 2024."
            },
            "geometry": {
                "type": "MultiPolygon",
                "coordinates": [
                    [
                        [
                            [
                                100.0857568705271,
                                6.464489447450291
                            ],
                            [
                                100.25959638875696,
                                6.642824815289543
                            ],
                            [
                                101.07551557821336,
                                6.204867051615921
                            ],
                            [
                                101.15421878459387,
                                5.691384182147715
                            ],
                            [
                                101.81428185425798,
                                5.810808417174242
                            ],
                            [
                                102.14118696493638,
                                6.221636053894628
                            ],
                            [
                                102.37114708863521,
                                6.128205064310919
                            ],
                            [
                                102.96170535686673,
                                5.524495144061106
                            ],
                            [
                                103.38121463421217,
                                4.855001125503748
                            ],
                            [
                                103.43857547405612,
                                4.181605536308339
                            ],
                            [
                                103.33212202353486,
                                3.726697902842986
                            ],
                            [
                                103.42942874554049,
                                3.382868760589005
                            ],
                            [
                                103.50244754436889,
                                2.791018581550176
                            ],
                            [
                                103.8546741068703,
                                2.515454006353764
                            ],
                            [
                                104.24793175661145,
                                1.631141058759084
                            ],
                            [
                                104.22881147666348,
                                1.293048000489492
                            ],
                            [
                                103.51970747275439,
                                1.226333726400682
                            ],
                            [
                                102.57361535035477,
                                1.967115383304687
                            ],
                            [
                                101.39063846232919,
                                2.760813706875581
                            ],
                            [
                                101.27353966675582,
                                3.270291652841152
                            ],
                            [
                                100.69543541870664,
                                3.93913971599487
                            ],
                            [
                                100.55740766805502,
                                4.767280381688295
                            ],
                            [
                                100.19670617065775,
                                5.312492580583708
                            ],
                            [
                                100.30626020711652,
                                6.040561835143905
                            ],
                            [
                                100.0857568705271,
                                6.464489447450291
                            ]
                        ]
                    ],
                    [
                        [
                            [
                                117.88203494677018,
                                4.137551377779516
                            ],
                            [
                                117.01521447150628,
                                4.306094061699469
                            ],
                            [
                                115.8655172058767,
                                4.3065591495901
                            ],
                            [
                                115.51907840379198,
                                3.169238389494396
                            ],
                            [
                                115.13403730678522,
                                2.821481838386234
                            ],
                            [
                                114.62135542201753,
                                1.430688177898901
                            ],
                            [
                                113.8058496440195,
                                1.217548732911069
                            ],
                            [
                                112.85980919805218,
                                1.497790025229904
                            ],
                            [
                                112.38025190638359,
                                1.410120957846743
                            ],
                            [
                                111.79754845586041,
                                0.904441229654608
                            ],
                            [
                                111.15913781132662,
                                0.976478176269481
                            ],
                            [
                                110.51406090702716,
                                0.773131415200965
                            ],
                            [
                                109.83022667850881,
                                1.338135687664163
                            ],
                            [
                                109.66326012577375,
                                2.006466986494956
                            ],
                            [
                                110.3961352885371,
                                1.663774725751395
                            ],
                            [
                                111.16885298059748,
                                1.850636704918813
                            ],
                            [
                                111.37008100794205,
                                2.697303371588859
                            ],
                            [
                                111.7969283386729,
                                2.885896511238059
                            ],
                            [
                                112.99561486211522,
                                3.102394924324855
                            ],
                            [
                                113.71293541875868,
                                3.893509426281156
                            ],
                            [
                                114.20401655482837,
                                4.525873928236805
                            ],
                            [
                                114.65959598191353,
                                4.007636826997754
                            ],
                            [
                                114.8695573263154,
                                4.348313706881925
                            ],
                            [
                                115.34746097215066,
                                4.316636053887009
                            ],
                            [
                                115.40570031134361,
                                4.955227565933839
                            ],
                            [
                                115.45071048386981,
                                5.447729803891534
                            ],
                            [
                                116.22074100145102,
                                6.143191229675566
                            ],
                            [
                                116.72510298061971,
                                6.924771429873999
                            ],
                            [
                                117.12962609260047,
                                6.92805288332454
                            ],
                            [
                                117.64339318244627,
                                6.422166449403249
                            ],
                            [
                                117.68907514859231,
                                5.987490139180154
                            ],
                            [
                                118.34769127815224,
                                5.708695786965492
                            ],
                            [
                                119.18190392463997,
                                5.407835598162207
                            ],
                            [
                                119.11069380094176,
                                5.016128241389808
                            ],
                            [
                                118.43972700406408,
                                4.966518866389606
                            ],
                            [
                                118.6183207540648,
                                4.478202419447555
                            ],
                            [
                                117.88203494677018,
                                4.137551377779516
                            ]
                        ]
                    ]
                ]
            }
        },
        {
            "type": "Feature",
            "properties": {
                "featurecla": "Admin-0 country",
                "cs": 192179,
                "po": "N/A",
                "shg_i": "N/A",
                "shg_f": "N/A",
                "fpop": 38770000,
                "ratio_pop_fpop": 14.5,
                "scalerank": 1,
                "labelrank": 2,
                "sovereignt": "Indonesia",
                "sov_a3": "IDN",
                "adm0_dif": 0,
                "level": 2,
                "type": "Sovereign country",
                "tlc": "1",
                "admin": "Indonesia",
                "adm0_a3": "IDN",
                "geou_dif": 0,
                "geounit": "Indonesia",
                "gu_a3": "IDN",
                "su_dif": 0,
                "subunit": "Indonesia",
                "su_a3": "IDN",
                "brk_diff": 0,
                "name": "Indonesia",
                "name_long": "Indonesia",
                "brk_a3": "IDN",
                "brk_name": "Indonesia",
                "brk_group": null,
                "abbrev": "Indo.",
                "postal": "INDO",
                "formal_en": "Republic of Indonesia",
                "formal_fr": null,
                "name_ciawf": "Indonesia",
                "note_adm0": null,
                "note_brk": null,
                "name_sort": "Indonesia",
                "name_alt": null,
                "mapcolor7": 6,
                "mapcolor8": 6,
                "mapcolor9": 6,
                "mapcolor13": 11,
                "pop_est": 270625568,
                "pop_rank": 17,
                "pop_year": 2019,
                "gdp_md": 1119190,
                "gdp_year": 2019,
                "economy": "4. Emerging region: MIKT",
                "income_grp": "4. Lower middle income",
                "fips_10": "ID",
                "iso_a2": "ID",
                "iso_a2_eh": "ID",
                "iso_a3": "IDN",
                "iso_a3_eh": "IDN",
                "iso_n3": "360",
                "iso_n3_eh": "360",
                "un_a3": "360",
                "wb_a2": "ID",
                "wb_a3": "IDN",
                "woe_id": 23424846,
                "woe_id_eh": 23424846,
                "woe_note": "Exact WOE match as country",
                "adm0_iso": "IDN",
                "adm0_diff": null,
                "adm0_tlc": "IDN",
                "adm0_a3_us": "IDN",
                "adm0_a3_fr": "IDN",
                "adm0_a3_ru": "IDN",
                "adm0_a3_es": "IDN",
                "adm0_a3_cn": "IDN",
                "adm0_a3_tw": "IDN",
                "adm0_a3_in": "IDN",
                "adm0_a3_np": "IDN",
                "adm0_a3_pk": "IDN",
                "adm0_a3_de": "IDN",
                "adm0_a3_gb": "IDN",
                "adm0_a3_br": "IDN",
                "adm0_a3_il": "IDN",
                "adm0_a3_ps": "IDN",
                "adm0_a3_sa": "IDN",
                "adm0_a3_eg": "IDN",
                "adm0_a3_ma": "IDN",
                "adm0_a3_pt": "IDN",
                "adm0_a3_ar": "IDN",
                "adm0_a3_jp": "IDN",
                "adm0_a3_ko": "IDN",
                "adm0_a3_vn": "IDN",
                "adm0_a3_tr": "IDN",
                "adm0_a3_id": "IDN",
                "adm0_a3_pl": "IDN",
                "adm0_a3_gr": "IDN",
                "adm0_a3_it": "IDN",
                "adm0_a3_nl": "IDN",
                "adm0_a3_se": "IDN",
                "adm0_a3_bd": "IDN",
                "adm0_a3_ua": "IDN",
                "adm0_a3_un": -99,
                "adm0_a3_wb": -99,
                "continent": "Asia",
                "region_un": "Asia",
                "subregion": "South-Eastern Asia",
                "region_wb": "East Asia & Pacific",
                "name_len": 9,
                "long_len": 9,
                "abbrev_len": 5,
                "tiny": -99,
                "homepart": 1,
                "min_zoom": 0,
                "min_label": 1.7,
                "max_label": 6.7,
                "label_x": 101.892949,
                "label_y": -0.954404,
                "ne_id": 1159320845,
                "wikidataid": "Q252",
                "name_ar": "إندونيسيا",
                "name_bn": "ইন্দোনেশিয়া",
                "name_de": "Indonesien",
                "name_en": "Indonesia",
                "name_es": "Indonesia",
                "name_fa": "اندونزی",
                "name_fr": "Indonésie",
                "name_el": "Ινδονησία",
                "name_he": "אינדונזיה",
                "name_hi": "इंडोनेशिया",
                "name_hu": "Indonézia",
                "name_id": "Indonesia",
                "name_it": "Indonesia",
                "name_ja": "インドネシア",
                "name_ko": "인도네시아",
                "name_nl": "Indonesië",
                "name_pl": "Indonezja",
                "name_pt": "Indonésia",
                "name_ru": "Индонезия",
                "name_sv": "Indonesien",
                "name_tr": "Endonezya",
                "name_uk": "Індонезія",
                "name_ur": "انڈونیشیا",
                "name_vi": "Indonesia",
                "name_zh": "印度尼西亚",
                "name_zht": "印度尼西亞",
                "fclass_iso": "Admin-0 country",
                "tlc_diff": null,
                "fclass_tlc": "Admin-0 country",
                "fclass_us": null,
                "fclass_fr": null,
                "fclass_ru": null,
                "fclass_es": null,
                "fclass_cn": null,
                "fclass_tw": null,
                "fclass_in": null,
                "fclass_np": null,
                "fclass_pk": null,
                "fclass_de": null,
                "fclass_gb": null,
                "fclass_br": null,
                "fclass_il": null,
                "fclass_ps": null,
                "fclass_sa": null,
                "fclass_eg": null,
                "fclass_ma": null,
                "fclass_pt": null,
                "fclass_ar": null,
                "fclass_jp": null,
                "fclass_ko": null,
                "fclass_vn": null,
                "fclass_tr": null,
                "fclass_id": null,
                "fclass_pl": null,
                "fclass_gr": null,
                "fclass_it": null,
                "fclass_nl": null,
                "fclass_se": null,
                "fclass_bd": null,
                "fclass_ua": null,
                "filename": "IDN.geojson",
                "sources": "cs: BPS/PL-KUMKM 2023. shg: women farmer groups limited (FAO Gender Assessment). fpop: BPS Sakernas 2021. ratio: based on 38.77M/270M.",
                "aum_total_usd": 5930000000,
                "credit_annual_usd": 5930000000,
                "aum_per_group_usd": 30857.0,
                "credit_per_farmer_usd": 153.0,
                "credit_gap_pct": 50,
                "credit_need_per_farmer_usd": 600,
                "aum_sources": "KUR agriculture target: $5.93B (2024). Subsidy: $923M. 1.8M farmers served. BRI ag financing: $2.19B (Jan 2025). Interest: 3% (Super Micro KUR). Source: BRI 2024, KUR program."
            },
            "geometry": {
                "type": "MultiPolygon",
                "coordinates": [
                    [
                        [
                            [
                                141.00021040259185,
                                -2.60015105551566
                            ],
                            [
                                141.01705691951895,
                                -5.859021905138071
                            ],
                            [
                                141.03385176001382,
                                -9.117892754760483
                            ],
                            [
                                140.14341515519254,
                                -8.29716765710095
                            ],
                            [
                                139.1277665549281,
                                -8.096042982620979
                            ],
                            [
                                138.881476678625,
                                -8.380935153846075
                            ],
                            [
                                137.61447391169287,
                                -8.41168263105974
                            ],
                            [
                                138.03909915583517,
                                -7.597882175327321
                            ],
                            [
                                138.66862145401478,
                                -7.320224704623087
                            ],
                            [
                                138.4079138531023,
                                -6.232849216337485
                            ],
                            [
                                137.92783979711078,
                                -5.393365573756
                            ],
                            [
                                135.98925011611345,
                                -4.54654387778907
                            ],
                            [
                                135.16459760959975,
                                -4.462931410340822
                            ],
                            [
                                133.66288048719787,
                                -3.538853448097541
                            ],
                            [
                                133.36770470594672,
                                -4.024818617370315
                            ],
                            [
                                132.98395551974727,
                                -4.112978610860253
                            ],
                            [
                                132.75694095268904,
                                -3.746282647317123
                            ],
                            [
                                132.75378869031925,
                                -3.31178720460705
                            ],
                            [
                                131.98980431531618,
                                -2.820551039240499
                            ],
                            [
                                133.0668445171434,
                                -2.460417982598436
                            ],
                            [
                                133.78003095920354,
                                -2.479848321140182
                            ],
                            [
                                133.69621178602614,
                                -2.214541517753702
                            ],
                            [
                                132.23237348849426,
                                -2.212526136894319
                            ],
                            [
                                131.83622195854474,
                                -1.617161960459647
                            ],
                            [
                                130.94283979708285,
                                -1.432522067880783
                            ],
                            [
                                130.5195581401801,
                                -0.937720228686089
                            ],
                            [
                                131.8675378765136,
                                -0.695461114101789
                            ],
                            [
                                132.3801164084167,
                                -0.369537855636949
                            ],
                            [
                                133.98554813042836,
                                -0.780210463060456
                            ],
                            [
                                134.14336795464772,
                                -1.151867364103623
                            ],
                            [
                                134.42262739475302,
                                -2.769184665542376
                            ],
                            [
                                135.45760298069467,
                                -3.367752780779149
                            ],
                            [
                                136.29331424371884,
                                -2.307042331556154
                            ],
                            [
                                137.44073774632756,
                                -1.703513278819365
                            ],
                            [
                                138.3297274110447,
                                -1.702686455902693
                            ],
                            [
                                139.18492068904288,
                                -2.051295668143673
                            ],
                            [
                                139.92668419816044,
                                -2.409051608900313
                            ],
                            [
                                141.00021040259185,
                                -2.60015105551566
                            ]
                        ]
                    ],
                    [
                        [
                            [
                                124.96868248911623,
                                -8.892790215697083
                            ],
                            [
                                125.07001997284061,
                                -9.089987481322872
                            ],
                            [
                                125.08852013560109,
                                -9.393173109579294
                            ],
                            [
                                124.43595014861933,
                                -10.140000909061449
                            ],
                            [
                                123.57998172413669,
                                -10.359987481327956
                            ],
                            [
                                123.459989048355,
                                -10.239994805546223
                            ],
                            [
                                123.55000939340744,
                                -9.900015557497987
                            ],
                            [
                                123.9800089865081,
                                -9.290026950724716
                            ],
                            [
                                124.96868248911623,
                                -8.892790215697083
                            ]
                        ]
                    ],
                    [
                        [
                            [
                                134.21013390516885,
                                -6.89523772545472
                            ],
                            [
                                134.11277550673094,
                                -6.142467136259
                            ],
                            [
                                134.29033572808584,
                                -5.783057549669017
                            ],
                            [
                                134.49962527886788,
                                -5.445042006047871
                            ],
                            [
                                134.72700158095216,
                                -5.737582289252167
                            ],
                            [
                                134.7246244650667,
                                -6.214400730009288
                            ],
                            [
                                134.21013390516885,
                                -6.89523772545472
                            ]
                        ]
                    ],
                    [
                        [
                            [
                                117.88203494677018,
                                4.137551377779516
                            ],
                            [
                                117.3132324565335,
                                3.234428208830593
                            ],
                            [
                                118.0483297058854,
                                2.287690131027333
                            ],
                            [
                                117.87562706916597,
                                1.827640692548925
                            ],
                            [
                                118.99674726773816,
                                0.902219143066063
                            ],
                            [
                                117.8118583517178,
                                0.784241848143708
                            ],
                            [
                                117.47833865770603,
                                0.102474676917026
                            ],
                            [
                                117.52164350796664,
                                -0.803723239753268
                            ],
                            [
                                116.56004845587947,
                                -1.48766082113621
                            ],
                            [
                                116.5337968282752,
                                -2.483517347832901
                            ],
                            [
                                116.14808393764866,
                                -4.012726332214022
                            ],
                            [
                                116.00085778204911,
                                -3.657037448749058
                            ],
                            [
                                114.86480309454456,
                                -4.106984144714396
                            ],
                            [
                                114.46865156459506,
                                -3.495703627133828
                            ],
                            [
                                113.75567182826407,
                                -3.43916961020652
                            ],
                            [
                                113.25699425664752,
                                -3.118775729996905
                            ],
                            [
                                112.06812625534067,
                                -3.478392022316051
                            ],
                            [
                                111.70329064336005,
                                -2.994442233902654
                            ],
                            [
                                111.04824018762824,
                                -3.049425957861211
                            ],
                            [
                                110.223846063276,
                                -2.934032484553455
                            ],
                            [
                                110.07093550012434,
                                -1.592874037282463
                            ],
                            [
                                109.571947869914,
                                -1.314906507984475
                            ],
                            [
                                109.0918738139225,
                                -0.459506524257094
                            ],
                            [
                                108.9526575053282,
                                0.415375474444318
                            ],
                            [
                                109.06913618371408,
                                1.341933905437614
                            ],
                            [
                                109.66326012577375,
                                2.006466986494956
                            ],
                            [
                                109.83022667850881,
                                1.338135687664163
                            ],
                            [
                                110.51406090702716,
                                0.773131415200965
                            ],
                            [
                                111.15913781132662,
                                0.976478176269481
                            ],
                            [
                                111.79754845586041,
                                0.904441229654608
                            ],
                            [
                                112.38025190638359,
                                1.410120957846743
                            ],
                            [
                                112.85980919805218,
                                1.497790025229904
                            ],
                            [
                                113.8058496440195,
                                1.217548732911069
                            ],
                            [
                                114.62135542201753,
                                1.430688177898901
                            ],
                            [
                                115.13403730678522,
                                2.821481838386234
                            ],
                            [
                                115.51907840379198,
                                3.169238389494396
                            ],
                            [
                                115.8655172058767,
                                4.3065591495901
                            ],
                            [
                                117.01521447150628,
                                4.306094061699469
                            ],
                            [
                                117.88203494677018,
                                4.137551377779516
                            ]
                        ]
                    ],
                    [
                        [
                            [
                                129.37099775606094,
                                -2.802154229344595
                            ],
                            [
                                130.47134402885177,
                                -3.093764336767634
                            ],
                            [
                                130.83483605359282,
                                -3.858472181822776
                            ],
                            [
                                129.99054650280817,
                                -3.446300957862796
                            ],
                            [
                                129.15524865124235,
                                -3.362636813982248
                            ],
                            [
                                128.59068362845363,
                                -3.428679294451264
                            ],
                            [
                                127.89889122936235,
                                -3.393435967628207
                            ],
                            [
                                128.13587934785284,
                                -2.843650404474971
                            ],
                            [
                                129.37099775606094,
                                -2.802154229344595
                            ]
                        ]
                    ],
                    [
                        [
                            [
                                126.87492272349886,
                                -3.790982761249587
                            ],
                            [
                                126.18380211802736,
                                -3.607376397316564
                            ],
                            [
                                125.98903364471926,
                                -3.177273451351305
                            ],
                            [
                                127.00065148326497,
                                -3.129317722184446
                            ],
                            [
                                127.24921512258891,
                                -3.45906503663889
                            ],
                            [
                                126.87492272349886,
                                -3.790982761249587
                            ]
                        ]
                    ],
                    [
                        [
                            [
                                127.93237755748748,
                                2.174596258956569
                            ],
                            [
                                128.00415612194087,
                                1.628531398928345
                            ],
                            [
                                128.5945593608755,
                                1.540810655112878
                            ],
                            [
                                128.6882487326207,
                                1.132385972494063
                            ],
                            [
                                128.63595218314134,
                                0.258485826006194
                            ],
                            [
                                128.1201697124361,
                                0.356412665199286
                            ],
                            [
                                127.96803429576886,
                                -0.252077325037519
                            ],
                            [
                                128.3799988139997,
                                -0.7800037573313
                            ],
                            [
                                128.1000159038423,
                                -0.899996433113031
                            ],
                            [
                                127.69647464407507,
                                -0.266598402511534
                            ],
                            [
                                127.39949018769369,
                                1.011721503092545
                            ],
                            [
                                127.60051150930906,
                                1.810690822757195
                            ],
                            [
                                127.93237755748748,
                                2.174596258956569
                            ]
                        ]
                    ],
                    [
                        [
                            [
                                122.9275667664518,
                                0.875192368977409
                            ],
                            [
                                124.07752241424288,
                                0.917101955566125
                            ],
                            [
                                125.0659892111218,
                                1.64325918213153
                            ],
                            [
                                125.2405005229715,
                                1.419836127117605
                            ],
                            [
                                124.4370353536974,
                                0.427881171058957
                            ],
                            [
                                123.6855049988767,
                                0.235593166500891
                            ],
                            [
                                122.72308312387287,
                                0.431136786293337
                            ],
                            [
                                121.05672488818911,
                                0.381217352699394
                            ],
                            [
                                120.18308312386272,
                                0.237246812334234
                            ],
                            [
                                120.04086958219548,
                                -0.519657891444837
                            ],
                            [
                                120.93590538949073,
                                -1.408905938323393
                            ],
                            [
                                121.4758207540762,
                                -0.95596200928513
                            ],
                            [
                                123.34056481332846,
                                -0.615672702643138
                            ],
                            [
                                123.25839928598441,
                                -1.076213067228309
                            ],
                            [
                                122.82271528533161,
                                -0.930950616055853
                            ],
                            [
                                122.38852990121529,
                                -1.516858005381117
                            ],
                            [
                                121.50827355355551,
                                -1.904482924002458
                            ],
                            [
                                122.4545723816843,
                                -3.186058444840924
                            ],
                            [
                                122.2718961935325,
                                -3.529500013852712
                            ],
                            [
                                123.17096276254655,
                                -4.683693129091701
                            ],
                            [
                                123.1623327983538,
                                -5.340603936385996
                            ],
                            [
                                122.62851525277875,
                                -5.634591159694466
                            ],
                            [
                                122.23639448454801,
                                -5.282933037948268
                            ],
                            [
                                122.71956912647701,
                                -4.464171644715826
                            ],
                            [
                                121.73823367725436,
                                -4.851331475446543
                            ],
                            [
                                121.48946333220127,
                                -4.574552504091265
                            ],
                            [
                                121.61917117725386,
                                -4.188477878438682
                            ],
                            [
                                120.89818159391766,
                                -3.602105401222794
                            ],
                            [
                                120.97238895068878,
                                -2.627642917494939
                            ],
                            [
                                120.30545291552986,
                                -2.931603692235733
                            ],
                            [
                                120.39004723519167,
                                -4.097579034037274
                            ],
                            [
                                120.43071658740537,
                                -5.528241062037793
                            ],
                            [
                                119.79654341031949,
                                -5.673400160345665
                            ],
                            [
                                119.36690555224489,
                                -5.37987802492782
                            ],
                            [
                                119.65360639860017,
                                -4.459417412944973
                            ],
                            [
                                119.49883548388601,
                                -3.494411716326532
                            ],
                            [
                                119.07834435432704,
                                -3.487021986508793
                            ],
                            [
                                118.76776899625287,
                                -2.801999200047718
                            ],
                            [
                                119.18097374885869,
                                -2.147103773612805
                            ],
                            [
                                119.3233939962551,
                                -1.353147067880464
                            ],
                            [
                                119.82599897672587,
                                0.154254462073482
                            ],
                            [
                                120.0357019389663,
                                0.566477362465761
                            ],
                            [
                                120.88577925016762,
                                1.30922272379685
                            ],
                            [
                                121.66681684782696,
                                1.013943589681091
                            ],
                            [
                                122.9275667664518,
                                0.875192368977409
                            ]
                        ]
                    ],
                    [
                        [
                            [
                                120.29501427620689,
                                -10.258649997603591
                            ],
                            [
                                118.96780846565471,
                                -9.557969252158074
                            ],
                            [
                                119.90030968636157,
                                -9.361340427287502
                            ],
                            [
                                120.42575564990534,
                                -9.665921319215798
                            ],
                            [
                                120.77550174365675,
                                -9.96967538822743
                            ],
                            [
                                120.71560875863045,
                                -10.239581394087885
                            ],
                            [
                                120.29501427620689,
                                -10.258649997603591
                            ]
                        ]
                    ],
                    [
                        [
                            [
                                121.34166873584651,
                                -8.536739597206072
                            ],
                            [
                                122.00736453663043,
                                -8.460620212440148
                            ],
                            [
                                122.90353722543607,
                                -8.094234307490765
                            ],
                            [
                                122.75698286345632,
                                -8.649807631060696
                            ],
                            [
                                121.2544905945701,
                                -8.933666273639957
                            ],
                            [
                                119.92439090380958,
                                -8.81041798262384
                            ],
                            [
                                119.92092858284605,
                                -8.444858900591122
                            ],
                            [
                                120.71509199430757,
                                -8.236964613480914
                            ],
                            [
                                121.34166873584651,
                                -8.536739597206072
                            ]
                        ]
                    ],
                    [
                        [
                            [
                                118.26061648974044,
                                -8.362383314653293
                            ],
                            [
                                118.87845991422208,
                                -8.280682875199844
                            ],
                            [
                                119.12650678922307,
                                -8.705824883665088
                            ],
                            [
                                117.97040164598928,
                                -8.906639499551304
                            ],
                            [
                                117.27773074754901,
                                -9.040894870645594
                            ],
                            [
                                116.74014082241665,
                                -9.032936700072646
                            ],
                            [
                                117.0837374207253,
                                -8.45715789147659
                            ],
                            [
                                117.6320243673421,
                                -8.449303073768228
                            ],
                            [
                                117.90001834520776,
                                -8.09568124759494
                            ],
                            [
                                118.26061648974044,
                                -8.362383314653293
                            ]
                        ]
                    ],
                    [
                        [
                            [
                                108.48684614464926,
                                -6.42198495852574
                            ],
                            [
                                108.62347863162896,
                                -6.777673841990705
                            ],
                            [
                                110.53922732955328,
                                -6.877357679881726
                            ],
                            [
                                110.75957563684585,
                                -6.465186455921747
                            ],
                            [
                                112.6148112325564,
                                -6.946035658397626
                            ],
                            [
                                112.97876834518806,
                                -7.594213148634594
                            ],
                            [
                                114.47893517462114,
                                -7.776527601760328
                            ],
                            [
                                115.70552697150106,
                                -8.370806573116873
                            ],
                            [
                                114.56451134649649,
                                -8.751816908404855
                            ],
                            [
                                113.46473351446085,
                                -8.348947442257405
                            ],
                            [
                                112.55967247930097,
                                -8.376180922075221
                            ],
                            [
                                111.52206139531245,
                                -8.302128594600973
                            ],
                            [
                                110.58614953007432,
                                -8.122604668819001
                            ],
                            [
                                109.42766727095511,
                                -7.740664157749762
                            ],
                            [
                                108.69365522668133,
                                -7.641600437046243
                            ],
                            [
                                108.27776329959633,
                                -7.766657403192576
                            ],
                            [
                                106.45410200401612,
                                -7.354899590690934
                            ],
                            [
                                106.28062422081231,
                                -6.924899997590252
                            ],
                            [
                                105.36548628135552,
                                -6.851416110871206
                            ],
                            [
                                106.05164594932702,
                                -5.895918877794472
                            ],
                            [
                                107.2650085795402,
                                -5.954985039904081
                            ],
                            [
                                108.07209109907467,
                                -6.345762220895224
                            ],
                            [
                                108.48684614464926,
                                -6.42198495852574
                            ]
                        ]
                    ],
                    [
                        [
                            [
                                104.36999148968489,
                                -1.084843031421059
                            ],
                            [
                                104.53949018760221,
                                -1.782371514496766
                            ],
                            [
                                104.88789269411402,
                                -2.340425306816705
                            ],
                            [
                                105.62211144411697,
                                -2.428843682468099
                            ],
                            [
                                106.10859337771265,
                                -3.061776625178965
                            ],
                            [
                                105.85744591677414,
                                -4.305524997579774
                            ],
                            [
                                105.8176550639094,
                                -5.85235564537242
                            ],
                            [
                                104.71038414919144,
                                -5.873284600450632
                            ],
                            [
                                103.86821333213078,
                                -5.037314955264996
                            ],
                            [
                                102.5842606954069,
                                -4.220258884298183
                            ],
                            [
                                102.156173130301,
                                -3.614146009946801
                            ],
                            [
                                101.39911339722507,
                                -2.799777113459164
                            ],
                            [
                                100.90250288290015,
                                -2.050262139497832
                            ],
                            [
                                100.14198082886065,
                                -0.650347588710986
                            ],
                            [
                                99.26373986206028,
                                0.183141587724634
                            ],
                            [
                                98.97001102091326,
                                1.042882391764536
                            ],
                            [
                                98.60135135294306,
                                1.823506577965574
                            ],
                            [
                                97.69959760944985,
                                2.45318390544206
                            ],
                            [
                                97.17694217324984,
                                3.308790594898596
                            ],
                            [
                                96.42401655475726,
                                3.868859768077925
                            ],
                            [
                                95.3808760925135,
                                4.970782172053688
                            ],
                            [
                                95.29302615761729,
                                5.479820868344788
                            ],
                            [
                                95.93686282754174,
                                5.439513251157123
                            ],
                            [
                                97.4848820332771,
                                5.246320909033955
                            ],
                            [
                                98.36916914265566,
                                4.268370266126396
                            ],
                            [
                                99.1425586283358,
                                3.590349636240873
                            ],
                            [
                                99.69399783732241,
                                3.174328518075143
                            ],
                            [
                                100.64143354696162,
                                2.099381211755741
                            ],
                            [
                                101.65801232300734,
                                2.083697414555161
                            ],
                            [
                                102.49827111207323,
                                1.398700466310231
                            ],
                            [
                                103.07684044801303,
                                0.561361395668868
                            ],
                            [
                                103.83839603069836,
                                0.104541734208695
                            ],
                            [
                                103.4376452982749,
                                -0.711945896002902
                            ],
                            [
                                104.01078860882404,
                                -1.059211521004286
                            ],
                            [
                                104.36999148968489,
                                -1.084843031421059
                            ]
                        ]
                    ]
                ]
            }
        },
        {
            "type": "Feature",
            "properties": {
                "featurecla": "Admin-0 country",
                "cs": 20105,
                "po": 8875,
                "shg_i": "N/A",
                "shg_f": "N/A",
                "fpop": 7410000,
                "ratio_pop_fpop": 7,
                "scalerank": 1,
                "labelrank": 2,
                "sovereignt": "Philippines",
                "sov_a3": "PHL",
                "adm0_dif": 0,
                "level": 2,
                "type": "Sovereign country",
                "tlc": "1",
                "admin": "Philippines",
                "adm0_a3": "PHL",
                "geou_dif": 0,
                "geounit": "Philippines",
                "gu_a3": "PHL",
                "su_dif": 0,
                "subunit": "Philippines",
                "su_a3": "PHL",
                "brk_diff": 0,
                "name": "Philippines",
                "name_long": "Philippines",
                "brk_a3": "PHL",
                "brk_name": "Philippines",
                "brk_group": null,
                "abbrev": "Phil.",
                "postal": "PH",
                "formal_en": "Republic of the Philippines",
                "formal_fr": null,
                "name_ciawf": "Philippines",
                "note_adm0": null,
                "note_brk": null,
                "name_sort": "Philippines",
                "name_alt": null,
                "mapcolor7": 3,
                "mapcolor8": 2,
                "mapcolor9": 2,
                "mapcolor13": 8,
                "pop_est": 108116615,
                "pop_rank": 17,
                "pop_year": 2019,
                "gdp_md": 376795,
                "gdp_year": 2019,
                "economy": "5. Emerging region: G20",
                "income_grp": "4. Lower middle income",
                "fips_10": "RP",
                "iso_a2": "PH",
                "iso_a2_eh": "PH",
                "iso_a3": "PHL",
                "iso_a3_eh": "PHL",
                "iso_n3": "608",
                "iso_n3_eh": "608",
                "un_a3": "608",
                "wb_a2": "PH",
                "wb_a3": "PHL",
                "woe_id": 23424934,
                "woe_id_eh": 23424934,
                "woe_note": "Exact WOE match as country",
                "adm0_iso": "PHL",
                "adm0_diff": null,
                "adm0_tlc": "PHL",
                "adm0_a3_us": "PHL",
                "adm0_a3_fr": "PHL",
                "adm0_a3_ru": "PHL",
                "adm0_a3_es": "PHL",
                "adm0_a3_cn": "PHL",
                "adm0_a3_tw": "PHL",
                "adm0_a3_in": "PHL",
                "adm0_a3_np": "PHL",
                "adm0_a3_pk": "PHL",
                "adm0_a3_de": "PHL",
                "adm0_a3_gb": "PHL",
                "adm0_a3_br": "PHL",
                "adm0_a3_il": "PHL",
                "adm0_a3_ps": "PHL",
                "adm0_a3_sa": "PHL",
                "adm0_a3_eg": "PHL",
                "adm0_a3_ma": "PHL",
                "adm0_a3_pt": "PHL",
                "adm0_a3_ar": "PHL",
                "adm0_a3_jp": "PHL",
                "adm0_a3_ko": "PHL",
                "adm0_a3_vn": "PHL",
                "adm0_a3_tr": "PHL",
                "adm0_a3_id": "PHL",
                "adm0_a3_pl": "PHL",
                "adm0_a3_gr": "PHL",
                "adm0_a3_it": "PHL",
                "adm0_a3_nl": "PHL",
                "adm0_a3_se": "PHL",
                "adm0_a3_bd": "PHL",
                "adm0_a3_ua": "PHL",
                "adm0_a3_un": -99,
                "adm0_a3_wb": -99,
                "continent": "Asia",
                "region_un": "Asia",
                "subregion": "South-Eastern Asia",
                "region_wb": "East Asia & Pacific",
                "name_len": 11,
                "long_len": 11,
                "abbrev_len": 5,
                "tiny": -99,
                "homepart": 1,
                "min_zoom": 0,
                "min_label": 2.5,
                "max_label": 7,
                "label_x": 122.465,
                "label_y": 11.198,
                "ne_id": 1159321169,
                "wikidataid": "Q928",
                "name_ar": "الفلبين",
                "name_bn": "ফিলিপাইন",
                "name_de": "Philippinen",
                "name_en": "Philippines",
                "name_es": "Filipinas",
                "name_fa": "فیلیپین",
                "name_fr": "Philippines",
                "name_el": "Φιλιππίνες",
                "name_he": "הפיליפינים",
                "name_hi": "फ़िलीपीन्स",
                "name_hu": "Fülöp-szigetek",
                "name_id": "Filipina",
                "name_it": "Filippine",
                "name_ja": "フィリピン",
                "name_ko": "필리핀",
                "name_nl": "Filipijnen",
                "name_pl": "Filipiny",
                "name_pt": "Filipinas",
                "name_ru": "Филиппины",
                "name_sv": "Filippinerna",
                "name_tr": "Filipinler",
                "name_uk": "Філіппіни",
                "name_ur": "فلپائن",
                "name_vi": "Philippines",
                "name_zh": "菲律宾",
                "name_zht": "菲律賓",
                "fclass_iso": "Admin-0 country",
                "tlc_diff": null,
                "fclass_tlc": "Admin-0 country",
                "fclass_us": null,
                "fclass_fr": null,
                "fclass_ru": null,
                "fclass_es": null,
                "fclass_cn": null,
                "fclass_tw": null,
                "fclass_in": null,
                "fclass_np": null,
                "fclass_pk": null,
                "fclass_de": null,
                "fclass_gb": null,
                "fclass_br": null,
                "fclass_il": null,
                "fclass_ps": null,
                "fclass_sa": null,
                "fclass_eg": null,
                "fclass_ma": null,
                "fclass_pt": null,
                "fclass_ar": null,
                "fclass_jp": null,
                "fclass_ko": null,
                "fclass_vn": null,
                "fclass_tr": null,
                "fclass_id": null,
                "fclass_pl": null,
                "fclass_gr": null,
                "fclass_it": null,
                "fclass_nl": null,
                "fclass_se": null,
                "fclass_bd": null,
                "fclass_ua": null,
                "filename": "PHL.geojson",
                "sources": "cs: CDA FY2023 (12.1M members). po: 8,875 retained. shg: not formally tracked. fpop: PSA 2022 Census of Agriculture. ratio: PSA 2022.",
                "aum_total_usd": 13040000000,
                "credit_annual_usd": 1270000000,
                "aum_per_group_usd": 449965.0,
                "credit_per_farmer_usd": 171.0,
                "credit_gap_pct": 40,
                "credit_need_per_farmer_usd": 1800,
                "aum_sources": "Land Bank ag loans: $13.04B (2023, +23% YoY). Coop lending: $1.27B to 1,400 coops. Agrisenso Plus: 4% interest for small-scale. Source: Land Bank 2023-24, CDA."
            },
            "geometry": {
                "type": "MultiPolygon",
                "coordinates": [
                    [
                        [
                            [
                                120.83389611214656,
                                12.704496161342433
                            ],
                            [
                                120.32343631396745,
                                13.466413479053825
                            ],
                            [
                                121.18012820850211,
                                13.429697373910443
                            ],
                            [
                                121.5273938335035,
                                13.06959015548452
                            ],
                            [
                                121.26219038298159,
                                12.205560207564403
                            ],
                            [
                                120.83389611214656,
                                12.704496161342433
                            ]
                        ]
                    ],
                    [
                        [
                            [
                                122.5860889018671,
                                9.981044826696134
                            ],
                            [
                                122.83708133350875,
                                10.261156927934225
                            ],
                            [
                                122.9474105164519,
                                10.88186839440806
                            ],
                            [
                                123.49884972543845,
                                10.94062449792392
                            ],
                            [
                                123.33777428598472,
                                10.267383938025404
                            ],
                            [
                                124.0779358257012,
                                11.232725531453738
                            ],
                            [
                                123.98243777882584,
                                10.278778591345755
                            ],
                            [
                                123.62318322153271,
                                9.950090643753299
                            ],
                            [
                                123.30992068897939,
                                9.318268744336706
                            ],
                            [
                                122.99588300994166,
                                9.022188625520414
                            ],
                            [
                                122.38005496631942,
                                9.713360907424217
                            ],
                            [
                                122.5860889018671,
                                9.981044826696134
                            ]
                        ]
                    ],
                    [
                        [
                            [
                                126.37681359263745,
                                8.414706325713297
                            ],
                            [
                                126.47851281138789,
                                7.750354112168978
                            ],
                            [
                                126.53742394420061,
                                7.189380601424545
                            ],
                            [
                                126.19677290253259,
                                6.274294338400054
                            ],
                            [
                                125.83142052622907,
                                7.293715318221842
                            ],
                            [
                                125.36385216685221,
                                6.786485297060949
                            ],
                            [
                                125.68316084198369,
                                6.049656887227272
                            ],
                            [
                                125.39651167206063,
                                5.581003322772276
                            ],
                            [
                                124.21978763234239,
                                6.161355495626154
                            ],
                            [
                                123.9387195171069,
                                6.885135606306136
                            ],
                            [
                                124.24366214406128,
                                7.360610459823661
                            ],
                            [
                                123.61021243702749,
                                7.83352732994274
                            ],
                            [
                                123.29607140512519,
                                7.418875637232759
                            ],
                            [
                                122.82550581267537,
                                7.457374579290204
                            ],
                            [
                                122.08549930225573,
                                6.899424139834836
                            ],
                            [
                                121.91992801319256,
                                7.192119452336015
                            ],
                            [
                                122.31235884001705,
                                8.034962063016465
                            ],
                            [
                                122.94239790251959,
                                8.316236883981134
                            ],
                            [
                                123.48768761606347,
                                8.69300975182118
                            ],
                            [
                                123.84115441293983,
                                8.240324204944372
                            ],
                            [
                                124.60146976125021,
                                8.514157619659002
                            ],
                            [
                                124.76461225799562,
                                8.960409450715488
                            ],
                            [
                                125.47139082245155,
                                8.986996975129657
                            ],
                            [
                                125.41211795461277,
                                9.760334784377534
                            ],
                            [
                                126.2227144715431,
                                9.286074327018866
                            ],
                            [
                                126.30663699758514,
                                8.78248749433456
                            ],
                            [
                                126.37681359263745,
                                8.414706325713297
                            ]
                        ]
                    ],
                    [
                        [
                            [
                                118.50458092659036,
                                9.316382554558047
                            ],
                            [
                                117.17427453010066,
                                8.367499904814679
                            ],
                            [
                                117.66447716682137,
                                9.066888739452892
                            ],
                            [
                                118.38691369026175,
                                9.68449961998921
                            ],
                            [
                                118.98734215706105,
                                10.376292019080523
                            ],
                            [
                                119.51149620979751,
                                11.3696680770272
                            ],
                            [
                                119.68967654833989,
                                10.554291490109875
                            ],
                            [
                                119.02945844937892,
                                10.003653265823829
                            ],
                            [
                                118.50458092659036,
                                9.316382554558047
                            ]
                        ]
                    ],
                    [
                        [
                            [
                                122.336956821788,
                                18.224882717354106
                            ],
                            [
                                122.17427941293317,
                                17.810282701076403
                            ],
                            [
                                122.5156539246533,
                                17.093504746971973
                            ],
                            [
                                122.25231082569393,
                                16.26244436285407
                            ],
                            [
                                121.66278608610821,
                                15.931017564350142
                            ],
                            [
                                121.50506961475342,
                                15.124813544164622
                            ],
                            [
                                121.7288285665772,
                                14.328376369682275
                            ],
                            [
                                122.25892540902726,
                                14.21820221603599
                            ],
                            [
                                122.70127566944569,
                                14.336541245984378
                            ],
                            [
                                123.9502950379403,
                                13.782130642141027
                            ],
                            [
                                123.85510704965867,
                                13.237771104378425
                            ],
                            [
                                124.18128869028493,
                                12.9975273706535
                            ],
                            [
                                124.0774190613783,
                                12.536676947474575
                            ],
                            [
                                123.29803510955225,
                                13.02752553959894
                            ],
                            [
                                122.92865197152994,
                                13.552919826710422
                            ],
                            [
                                122.6713550151487,
                                13.185836289925092
                            ],
                            [
                                122.03464969288052,
                                13.784481919810304
                            ],
                            [
                                121.12638471891857,
                                13.636687323455547
                            ],
                            [
                                120.62863732308324,
                                13.857655747935596
                            ],
                            [
                                120.67938357959386,
                                14.271015529838294
                            ],
                            [
                                120.99181928923053,
                                14.52539276779504
                            ],
                            [
                                120.69333621631267,
                                14.756670640517312
                            ],
                            [
                                120.56414513558299,
                                14.396279201713796
                            ],
                            [
                                120.07042850146644,
                                14.970869452367126
                            ],
                            [
                                119.92092858284605,
                                15.406346747290739
                            ],
                            [
                                119.88377322802819,
                                16.363704331929995
                            ],
                            [
                                120.28648766487875,
                                16.034628811095345
                            ],
                            [
                                120.39004723519167,
                                17.599081122299523
                            ],
                            [
                                120.71586714079191,
                                18.505227362537525
                            ],
                            [
                                121.32130822152351,
                                18.504064642810945
                            ],
                            [
                                121.9376013530364,
                                18.218552354398355
                            ],
                            [
                                122.24600630095429,
                                18.478949896717097
                            ],
                            [
                                122.336956821788,
                                18.224882717354106
                            ]
                        ]
                    ],
                    [
                        [
                            [
                                122.03837039600555,
                                11.415840969279998
                            ],
                            [
                                121.88354780485909,
                                11.891755072471994
                            ],
                            [
                                122.48382124236149,
                                11.582187404827538
                            ],
                            [
                                123.12021650603594,
                                11.583660183147856
                            ],
                            [
                                123.10083784392646,
                                11.16593374271649
                            ],
                            [
                                122.63771365772669,
                                10.74130849857417
                            ],
                            [
                                122.00261030485957,
                                10.441016750526089
                            ],
                            [
                                121.96736697803652,
                                10.905691229694625
                            ],
                            [
                                122.03837039600555,
                                11.415840969279998
                            ]
                        ]
                    ],
                    [
                        [
                            [
                                125.50255171112354,
                                12.162694606978292
                            ],
                            [
                                125.78346479706221,
                                11.046121934447783
                            ],
                            [
                                125.01188398651226,
                                11.311454576050409
                            ],
                            [
                                125.03276126515817,
                                10.975816148314692
                            ],
                            [
                                125.27744917206019,
                                10.358722032101284
                            ],
                            [
                                124.80181928924577,
                                10.134678859899864
                            ],
                            [
                                124.76016808481853,
                                10.837995103392258
                            ],
                            [
                                124.45910119028605,
                                10.889929917845592
                            ],
                            [
                                124.30252160044171,
                                11.495370998577187
                            ],
                            [
                                124.89101281138153,
                                11.415582587118536
                            ],
                            [
                                124.87799035044401,
                                11.794189968304947
                            ],
                            [
                                124.26676150929569,
                                12.557760931849671
                            ],
                            [
                                125.22711632700788,
                                12.53572093347718
                            ],
                            [
                                125.50255171112354,
                                12.162694606978292
                            ]
                        ]
                    ]
                ]
            }
        },
        {
            "type": "Feature",
            "properties": {
                "featurecla": "Admin-0 country",
                "cs": 16000,
                "po": 5050,
                "shg_i": "N/A",
                "shg_f": "N/A",
                "fpop": 2067000,
                "ratio_pop_fpop": 26.0,
                "scalerank": 1,
                "labelrank": 3,
                "sovereignt": "Sri Lanka",
                "sov_a3": "LKA",
                "adm0_dif": 0,
                "level": 2,
                "type": "Sovereign country",
                "tlc": "1",
                "admin": "Sri Lanka",
                "adm0_a3": "LKA",
                "geou_dif": 0,
                "geounit": "Sri Lanka",
                "gu_a3": "LKA",
                "su_dif": 0,
                "subunit": "Sri Lanka",
                "su_a3": "LKA",
                "brk_diff": 0,
                "name": "Sri Lanka",
                "name_long": "Sri Lanka",
                "brk_a3": "LKA",
                "brk_name": "Sri Lanka",
                "brk_group": null,
                "abbrev": "Sri L.",
                "postal": "LK",
                "formal_en": "Democratic Socialist Republic of Sri Lanka",
                "formal_fr": null,
                "name_ciawf": "Sri Lanka",
                "note_adm0": null,
                "note_brk": null,
                "name_sort": "Sri Lanka",
                "name_alt": null,
                "mapcolor7": 3,
                "mapcolor8": 5,
                "mapcolor9": 4,
                "mapcolor13": 9,
                "pop_est": 21803000,
                "pop_rank": 15,
                "pop_year": 2019,
                "gdp_md": 84008,
                "gdp_year": 2019,
                "economy": "6. Developing region",
                "income_grp": "4. Lower middle income",
                "fips_10": "CE",
                "iso_a2": "LK",
                "iso_a2_eh": "LK",
                "iso_a3": "LKA",
                "iso_a3_eh": "LKA",
                "iso_n3": "144",
                "iso_n3_eh": "144",
                "un_a3": "144",
                "wb_a2": "LK",
                "wb_a3": "LKA",
                "woe_id": 23424778,
                "woe_id_eh": 23424778,
                "woe_note": "Exact WOE match as country",
                "adm0_iso": "LKA",
                "adm0_diff": null,
                "adm0_tlc": "LKA",
                "adm0_a3_us": "LKA",
                "adm0_a3_fr": "LKA",
                "adm0_a3_ru": "LKA",
                "adm0_a3_es": "LKA",
                "adm0_a3_cn": "LKA",
                "adm0_a3_tw": "LKA",
                "adm0_a3_in": "LKA",
                "adm0_a3_np": "LKA",
                "adm0_a3_pk": "LKA",
                "adm0_a3_de": "LKA",
                "adm0_a3_gb": "LKA",
                "adm0_a3_br": "LKA",
                "adm0_a3_il": "LKA",
                "adm0_a3_ps": "LKA",
                "adm0_a3_sa": "LKA",
                "adm0_a3_eg": "LKA",
                "adm0_a3_ma": "LKA",
                "adm0_a3_pt": "LKA",
                "adm0_a3_ar": "LKA",
                "adm0_a3_jp": "LKA",
                "adm0_a3_ko": "LKA",
                "adm0_a3_vn": "LKA",
                "adm0_a3_tr": "LKA",
                "adm0_a3_id": "LKA",
                "adm0_a3_pl": "LKA",
                "adm0_a3_gr": "LKA",
                "adm0_a3_it": "LKA",
                "adm0_a3_nl": "LKA",
                "adm0_a3_se": "LKA",
                "adm0_a3_bd": "LKA",
                "adm0_a3_ua": "LKA",
                "adm0_a3_un": -99,
                "adm0_a3_wb": -99,
                "continent": "Asia",
                "region_un": "Asia",
                "subregion": "Southern Asia",
                "region_wb": "South Asia",
                "name_len": 9,
                "long_len": 9,
                "abbrev_len": 6,
                "tiny": -99,
                "homepart": 1,
                "min_zoom": 0,
                "min_label": 3,
                "max_label": 8,
                "label_x": 80.704823,
                "label_y": 7.581097,
                "ne_id": 1159321025,
                "wikidataid": "Q854",
                "name_ar": "سريلانكا",
                "name_bn": "শ্রীলঙ্কা",
                "name_de": "Sri Lanka",
                "name_en": "Sri Lanka",
                "name_es": "Sri Lanka",
                "name_fa": "سریلانکا",
                "name_fr": "Sri Lanka",
                "name_el": "Σρι Λάνκα",
                "name_he": "סרי לנקה",
                "name_hi": "श्रीलंका",
                "name_hu": "Srí Lanka",
                "name_id": "Sri Lanka",
                "name_it": "Sri Lanka",
                "name_ja": "スリランカ",
                "name_ko": "스리랑카",
                "name_nl": "Sri Lanka",
                "name_pl": "Sri Lanka",
                "name_pt": "Sri Lanka",
                "name_ru": "Шри-Ланка",
                "name_sv": "Sri Lanka",
                "name_tr": "Sri Lanka",
                "name_uk": "Шрі-Ланка",
                "name_ur": "سری لنکا",
                "name_vi": "Sri Lanka",
                "name_zh": "斯里兰卡",
                "name_zht": "斯里蘭卡",
                "fclass_iso": "Admin-0 country",
                "tlc_diff": null,
                "fclass_tlc": "Admin-0 country",
                "fclass_us": null,
                "fclass_fr": null,
                "fclass_ru": null,
                "fclass_es": null,
                "fclass_cn": null,
                "fclass_tw": null,
                "fclass_in": null,
                "fclass_np": null,
                "fclass_pk": null,
                "fclass_de": null,
                "fclass_gb": null,
                "fclass_br": null,
                "fclass_il": null,
                "fclass_ps": null,
                "fclass_sa": null,
                "fclass_eg": null,
                "fclass_ma": null,
                "fclass_pt": null,
                "fclass_ar": null,
                "fclass_jp": null,
                "fclass_ko": null,
                "fclass_vn": null,
                "fclass_tr": null,
                "fclass_id": null,
                "fclass_pl": null,
                "fclass_gr": null,
                "fclass_it": null,
                "fclass_nl": null,
                "fclass_se": null,
                "fclass_bd": null,
                "fclass_ua": null,
                "filename": "LKA.geojson",
                "sources": "cs: ICA-EU Partnership 2019 (8.1M members). po: 5,050 retained. shg: active but no national count. fpop: DCS 2024. ratio: Central Bank of Sri Lanka 2024.",
                "aum_total_usd": 500000000,
                "credit_annual_usd": 200000000,
                "aum_per_group_usd": 23753.0,
                "credit_per_farmer_usd": 97.0,
                "credit_gap_pct": 60,
                "credit_need_per_farmer_usd": 400,
                "aum_sources": "ESTIMATE. CRB network in 27 districts. NCRCS: govt interest subsidy + credit guarantee (Central Bank). Specific financial totals not publicly available. Source: Central Bank of Sri Lanka, ICA-EU 2019."
            },
            "geometry": {
                "type": "Polygon",
                "coordinates": [
                    [
                        [
                            81.7879590188914,
                            7.523055324733164
                        ],
                        [
                            81.63732221876059,
                            6.481775214051922
                        ],
                        [
                            81.21801964714433,
                            6.197141424988288
                        ],
                        [
                            80.34835696810441,
                            5.968369859232155
                        ],
                        [
                            79.87246870312853,
                            6.76346344647493
                        ],
                        [
                            79.69516686393513,
                            8.200843410673386
                        ],
                        [
                            80.14780073437964,
                            9.824077663609557
                        ],
                        [
                            80.83881798698656,
                            9.268426825391188
                        ],
                        [
                            81.30431928907177,
                            8.56420624433369
                        ],
                        [
                            81.7879590188914,
                            7.523055324733164
                        ]
                    ]
                ]
            }
        },
        {
            "type": "Feature",
            "properties": {
                "featurecla": "Admin-0 country",
                "cs": 196316,
                "po": 80,
                "shg_i": 2013,
                "shg_f": 2013,
                "fpop": 25500000,
                "ratio_pop_fpop": 35.3,
                "scalerank": 1,
                "labelrank": 3,
                "sovereignt": "Bangladesh",
                "sov_a3": "BGD",
                "adm0_dif": 0,
                "level": 2,
                "type": "Sovereign country",
                "tlc": "1",
                "admin": "Bangladesh",
                "adm0_a3": "BGD",
                "geou_dif": 0,
                "geounit": "Bangladesh",
                "gu_a3": "BGD",
                "su_dif": 0,
                "subunit": "Bangladesh",
                "su_a3": "BGD",
                "brk_diff": 0,
                "name": "Bangladesh",
                "name_long": "Bangladesh",
                "brk_a3": "BGD",
                "brk_name": "Bangladesh",
                "brk_group": null,
                "abbrev": "Bang.",
                "postal": "BD",
                "formal_en": "People's Republic of Bangladesh",
                "formal_fr": null,
                "name_ciawf": "Bangladesh",
                "note_adm0": null,
                "note_brk": null,
                "name_sort": "Bangladesh",
                "name_alt": null,
                "mapcolor7": 3,
                "mapcolor8": 4,
                "mapcolor9": 7,
                "mapcolor13": 7,
                "pop_est": 163046161,
                "pop_rank": 17,
                "pop_year": 2019,
                "gdp_md": 302571,
                "gdp_year": 2019,
                "economy": "7. Least developed region",
                "income_grp": "5. Low income",
                "fips_10": "BG",
                "iso_a2": "BD",
                "iso_a2_eh": "BD",
                "iso_a3": "BGD",
                "iso_a3_eh": "BGD",
                "iso_n3": "050",
                "iso_n3_eh": "050",
                "un_a3": "050",
                "wb_a2": "BD",
                "wb_a3": "BGD",
                "woe_id": 23424759,
                "woe_id_eh": 23424759,
                "woe_note": "Exact WOE match as country",
                "adm0_iso": "BGD",
                "adm0_diff": null,
                "adm0_tlc": "BGD",
                "adm0_a3_us": "BGD",
                "adm0_a3_fr": "BGD",
                "adm0_a3_ru": "BGD",
                "adm0_a3_es": "BGD",
                "adm0_a3_cn": "BGD",
                "adm0_a3_tw": "BGD",
                "adm0_a3_in": "BGD",
                "adm0_a3_np": "BGD",
                "adm0_a3_pk": "BGD",
                "adm0_a3_de": "BGD",
                "adm0_a3_gb": "BGD",
                "adm0_a3_br": "BGD",
                "adm0_a3_il": "BGD",
                "adm0_a3_ps": "BGD",
                "adm0_a3_sa": "BGD",
                "adm0_a3_eg": "BGD",
                "adm0_a3_ma": "BGD",
                "adm0_a3_pt": "BGD",
                "adm0_a3_ar": "BGD",
                "adm0_a3_jp": "BGD",
                "adm0_a3_ko": "BGD",
                "adm0_a3_vn": "BGD",
                "adm0_a3_tr": "BGD",
                "adm0_a3_id": "BGD",
                "adm0_a3_pl": "BGD",
                "adm0_a3_gr": "BGD",
                "adm0_a3_it": "BGD",
                "adm0_a3_nl": "BGD",
                "adm0_a3_se": "BGD",
                "adm0_a3_bd": "BGD",
                "adm0_a3_ua": "BGD",
                "adm0_a3_un": -99,
                "adm0_a3_wb": -99,
                "continent": "Asia",
                "region_un": "Asia",
                "subregion": "Southern Asia",
                "region_wb": "South Asia",
                "name_len": 10,
                "long_len": 10,
                "abbrev_len": 5,
                "tiny": -99,
                "homepart": 1,
                "min_zoom": 0,
                "min_label": 3,
                "max_label": 8,
                "label_x": 89.684963,
                "label_y": 24.214956,
                "ne_id": 1159320407,
                "wikidataid": "Q902",
                "name_ar": "بنغلاديش",
                "name_bn": "বাংলাদেশ",
                "name_de": "Bangladesch",
                "name_en": "Bangladesh",
                "name_es": "Bangladés",
                "name_fa": "بنگلادش",
                "name_fr": "Bangladesh",
                "name_el": "Μπανγκλαντές",
                "name_he": "בנגלדש",
                "name_hi": "बांग्लादेश",
                "name_hu": "Banglades",
                "name_id": "Bangladesh",
                "name_it": "Bangladesh",
                "name_ja": "バングラデシュ",
                "name_ko": "방글라데시",
                "name_nl": "Bangladesh",
                "name_pl": "Bangladesz",
                "name_pt": "Bangladesh",
                "name_ru": "Бангладеш",
                "name_sv": "Bangladesh",
                "name_tr": "Bangladeş",
                "name_uk": "Бангладеш",
                "name_ur": "بنگلہ دیش",
                "name_vi": "Bangladesh",
                "name_zh": "孟加拉国",
                "name_zht": "孟加拉",
                "fclass_iso": "Admin-0 country",
                "tlc_diff": null,
                "fclass_tlc": "Admin-0 country",
                "fclass_us": null,
                "fclass_fr": null,
                "fclass_ru": null,
                "fclass_es": null,
                "fclass_cn": null,
                "fclass_tw": null,
                "fclass_in": null,
                "fclass_np": null,
                "fclass_pk": null,
                "fclass_de": null,
                "fclass_gb": null,
                "fclass_br": null,
                "fclass_il": null,
                "fclass_ps": null,
                "fclass_sa": null,
                "fclass_eg": null,
                "fclass_ma": null,
                "fclass_pt": null,
                "fclass_ar": null,
                "fclass_jp": null,
                "fclass_ko": null,
                "fclass_vn": null,
                "fclass_tr": null,
                "fclass_id": null,
                "fclass_pl": null,
                "fclass_gr": null,
                "fclass_it": null,
                "fclass_nl": null,
                "fclass_se": null,
                "fclass_bd": null,
                "fclass_ua": null,
                "filename": "BGD.geojson",
                "sources": "cs: 196,316 (Dept of Cooperatives). po: 80. shg_i/shg_f: 2,013 women farmer groups (UNDP LoGIC). fpop: BBS 2022-23. ratio: World Bank/FAO 2022.",
                "aum_total_usd": 8190000000,
                "credit_annual_usd": 2980000000,
                "aum_per_group_usd": 41278.0,
                "credit_per_farmer_usd": 117.0,
                "credit_gap_pct": 63,
                "credit_need_per_farmer_usd": 450,
                "aum_sources": "Annual ag credit: $2.98B (FY2023-24). Grameen Bank: 45M borrowers, $2.25B annual (96% recovery). BRAC: $6B microloans + $2.19B savings. FY2025-26 target: $35.45B. Source: Bangladesh Bank, Grameen 2024, BRAC."
            },
            "geometry": {
                "type": "Polygon",
                "coordinates": [
                    [
                        [
                            92.67272098182556,
                            22.041238918541254
                        ],
                        [
                            92.65225711463799,
                            21.324047552978485
                        ],
                        [
                            92.30323449093868,
                            21.47548533780982
                        ],
                        [
                            92.36855350135562,
                            20.670883287025347
                        ],
                        [
                            92.08288618364614,
                            21.19219513598577
                        ],
                        [
                            92.02521528520839,
                            21.701569729086767
                        ],
                        [
                            91.83489098507744,
                            22.182935695885565
                        ],
                        [
                            91.41708702999766,
                            22.76501902922122
                        ],
                        [
                            90.49600630082728,
                            22.80501658781513
                        ],
                        [
                            90.58695682166098,
                            22.392793687422866
                        ],
                        [
                            90.27297081905556,
                            21.83636770272011
                        ],
                        [
                            89.84746707556428,
                            22.039146023033425
                        ],
                        [
                            89.70204959509493,
                            21.857115790285306
                        ],
                        [
                            89.41886274613549,
                            21.9661789006373
                        ],
                        [
                            89.03196129756623,
                            22.055708319582976
                        ],
                        [
                            88.87631188350309,
                            22.87914642993783
                        ],
                        [
                            88.52976972855379,
                            23.631141872649167
                        ],
                        [
                            88.69994022009092,
                            24.23371491138856
                        ],
                        [
                            88.08442223506242,
                            24.501657212821925
                        ],
                        [
                            88.30637251175602,
                            24.866079413344206
                        ],
                        [
                            88.93155398962308,
                            25.238692328384776
                        ],
                        [
                            88.2097892598025,
                            25.768065700782714
                        ],
                        [
                            88.56304935094977,
                            26.446525580342723
                        ],
                        [
                            89.35509402868729,
                            26.014407253518073
                        ],
                        [
                            89.83248091019962,
                            25.96508209889548
                        ],
                        [
                            89.92069258012185,
                            25.26974986419218
                        ],
                        [
                            90.87221072791212,
                            25.132600612889547
                        ],
                        [
                            91.79959598182208,
                            25.147431748957317
                        ],
                        [
                            92.37620161333481,
                            24.976692816664965
                        ],
                        [
                            91.91509280799443,
                            24.130413723237112
                        ],
                        [
                            91.46772993364368,
                            24.072639471934792
                        ],
                        [
                            91.15896325069973,
                            23.50352692310439
                        ],
                        [
                            91.70647505083211,
                            22.985263983649187
                        ],
                        [
                            91.86992760617132,
                            23.624346421802784
                        ],
                        [
                            92.14603478390681,
                            23.627498684172593
                        ],
                        [
                            92.67272098182556,
                            22.041238918541254
                        ]
                    ]
                ]
            }
        },
        {
            "type": "Feature",
            "properties": {
                "featurecla": "Admin-0 country",
                "cs": 23,
                "po": "N/A",
                "shg_i": "N/A",
                "shg_f": "N/A",
                "fpop": 250000,
                "ratio_pop_fpop": 44,
                "scalerank": 1,
                "labelrank": 5,
                "sovereignt": "Bhutan",
                "sov_a3": "BTN",
                "adm0_dif": 0,
                "level": 2,
                "type": "Sovereign country",
                "tlc": "1",
                "admin": "Bhutan",
                "adm0_a3": "BTN",
                "geou_dif": 0,
                "geounit": "Bhutan",
                "gu_a3": "BTN",
                "su_dif": 0,
                "subunit": "Bhutan",
                "su_a3": "BTN",
                "brk_diff": 0,
                "name": "Bhutan",
                "name_long": "Bhutan",
                "brk_a3": "BTN",
                "brk_name": "Bhutan",
                "brk_group": null,
                "abbrev": "Bhutan",
                "postal": "BT",
                "formal_en": "Kingdom of Bhutan",
                "formal_fr": null,
                "name_ciawf": "Bhutan",
                "note_adm0": null,
                "note_brk": null,
                "name_sort": "Bhutan",
                "name_alt": null,
                "mapcolor7": 5,
                "mapcolor8": 6,
                "mapcolor9": 1,
                "mapcolor13": 8,
                "pop_est": 763092,
                "pop_rank": 11,
                "pop_year": 2019,
                "gdp_md": 2530,
                "gdp_year": 2019,
                "economy": "7. Least developed region",
                "income_grp": "4. Lower middle income",
                "fips_10": "BT",
                "iso_a2": "BT",
                "iso_a2_eh": "BT",
                "iso_a3": "BTN",
                "iso_a3_eh": "BTN",
                "iso_n3": "064",
                "iso_n3_eh": "064",
                "un_a3": "064",
                "wb_a2": "BT",
                "wb_a3": "BTN",
                "woe_id": 23424770,
                "woe_id_eh": 23424770,
                "woe_note": "Exact WOE match as country",
                "adm0_iso": "BTN",
                "adm0_diff": null,
                "adm0_tlc": "BTN",
                "adm0_a3_us": "BTN",
                "adm0_a3_fr": "BTN",
                "adm0_a3_ru": "BTN",
                "adm0_a3_es": "BTN",
                "adm0_a3_cn": "BTN",
                "adm0_a3_tw": "BTN",
                "adm0_a3_in": "BTN",
                "adm0_a3_np": "BTN",
                "adm0_a3_pk": "BTN",
                "adm0_a3_de": "BTN",
                "adm0_a3_gb": "BTN",
                "adm0_a3_br": "BTN",
                "adm0_a3_il": "BTN",
                "adm0_a3_ps": "BTN",
                "adm0_a3_sa": "BTN",
                "adm0_a3_eg": "BTN",
                "adm0_a3_ma": "BTN",
                "adm0_a3_pt": "BTN",
                "adm0_a3_ar": "BTN",
                "adm0_a3_jp": "BTN",
                "adm0_a3_ko": "BTN",
                "adm0_a3_vn": "BTN",
                "adm0_a3_tr": "BTN",
                "adm0_a3_id": "BTN",
                "adm0_a3_pl": "BTN",
                "adm0_a3_gr": "BTN",
                "adm0_a3_it": "BTN",
                "adm0_a3_nl": "BTN",
                "adm0_a3_se": "BTN",
                "adm0_a3_bd": "BTN",
                "adm0_a3_ua": "BTN",
                "adm0_a3_un": -99,
                "adm0_a3_wb": -99,
                "continent": "Asia",
                "region_un": "Asia",
                "subregion": "Southern Asia",
                "region_wb": "South Asia",
                "name_len": 6,
                "long_len": 6,
                "abbrev_len": 6,
                "tiny": -99,
                "homepart": 1,
                "min_zoom": 0,
                "min_label": 4,
                "max_label": 9,
                "label_x": 90.040294,
                "label_y": 27.536685,
                "ne_id": 1159320453,
                "wikidataid": "Q917",
                "name_ar": "بوتان",
                "name_bn": "ভুটান",
                "name_de": "Bhutan",
                "name_en": "Bhutan",
                "name_es": "Bután",
                "name_fa": "بوتان",
                "name_fr": "Bhoutan",
                "name_el": "Μπουτάν",
                "name_he": "בהוטן",
                "name_hi": "भूटान",
                "name_hu": "Bhután",
                "name_id": "Bhutan",
                "name_it": "Bhutan",
                "name_ja": "ブータン",
                "name_ko": "부탄",
                "name_nl": "Bhutan",
                "name_pl": "Bhutan",
                "name_pt": "Butão",
                "name_ru": "Бутан",
                "name_sv": "Bhutan",
                "name_tr": "Bhutan",
                "name_uk": "Бутан",
                "name_ur": "بھوٹان",
                "name_vi": "Bhutan",
                "name_zh": "不丹",
                "name_zht": "不丹",
                "fclass_iso": "Admin-0 country",
                "tlc_diff": null,
                "fclass_tlc": "Admin-0 country",
                "fclass_us": null,
                "fclass_fr": null,
                "fclass_ru": null,
                "fclass_es": null,
                "fclass_cn": null,
                "fclass_tw": null,
                "fclass_in": null,
                "fclass_np": null,
                "fclass_pk": null,
                "fclass_de": null,
                "fclass_gb": null,
                "fclass_br": null,
                "fclass_il": null,
                "fclass_ps": null,
                "fclass_sa": null,
                "fclass_eg": null,
                "fclass_ma": null,
                "fclass_pt": null,
                "fclass_ar": null,
                "fclass_jp": null,
                "fclass_ko": null,
                "fclass_vn": null,
                "fclass_tr": null,
                "fclass_id": null,
                "fclass_pl": null,
                "fclass_gr": null,
                "fclass_it": null,
                "fclass_nl": null,
                "fclass_se": null,
                "fclass_bd": null,
                "fclass_ua": null,
                "filename": "BTN.geojson",
                "sources": "cs: 23 (69K ag holdings). po/shg: not applicable. fpop: Bhutan NSB. ratio: World Bank/ILO 2023.",
                "aum_total_usd": 50000000,
                "credit_annual_usd": 20000000,
                "aum_per_group_usd": 2173913.0,
                "credit_per_farmer_usd": 80.0,
                "credit_gap_pct": 70,
                "credit_need_per_farmer_usd": 300,
                "aum_sources": "ESTIMATE. BDBL holds 95% of ag loans, 84% of CSI loans. NPL: 8.75% (March 2024). Community Development Loan: max $5,494 at 15% (launched Jan 2024). Source: BDBL 2024, World Bank."
            },
            "geometry": {
                "type": "Polygon",
                "coordinates": [
                    [
                        [
                            91.69665652869668,
                            27.771741848251665
                        ],
                        [
                            92.10371178585974,
                            27.452614040633208
                        ],
                        [
                            92.03348351437509,
                            26.83831045176356
                        ],
                        [
                            91.21751264848643,
                            26.808648179628022
                        ],
                        [
                            90.37327477413407,
                            26.87572418874288
                        ],
                        [
                            89.74452762243885,
                            26.719402981059957
                        ],
                        [
                            88.83564253128938,
                            27.098966376243762
                        ],
                        [
                            88.81424848832056,
                            27.299315904239364
                        ],
                        [
                            89.47581017452111,
                            28.042758897406397
                        ],
                        [
                            90.01582889197118,
                            28.296438503527217
                        ],
                        [
                            90.7305139505678,
                            28.064953925075756
                        ],
                        [
                            91.25885379431992,
                            28.040614325466294
                        ],
                        [
                            91.69665652869668,
                            27.771741848251665
                        ]
                    ]
                ]
            }
        }
    ],
    "legend": {
        "cs": "Number of registered cooperatives (agricultural/all types depending on country)",
        "po": "Number of farmer producer organisations",
        "shg_i": "Number of self-help groups in farming (groups, not members)",
        "shg_f": "Number of women's self-help groups in farming (groups, not members)",
        "fpop": "Farmer/agricultural workforce population",
        "ratio_pop_fpop": "Percentage of total population in farming/agriculture",
        "aum_total_usd": "Total assets/capital held by farmer cooperatives, SHGs, POs, and ag development banks (USD)",
        "credit_annual_usd": "Annual credit disbursed to farmers through cooperatives/SHGs/POs/ag banks (USD)",
        "aum_per_group_usd": "Average assets per farmer group: aum_total / (cs + po + shg_i) where numeric (USD)",
        "credit_per_farmer_usd": "Annual credit per farmer: credit_annual / fpop (USD)",
        "credit_gap_pct": "Percentage of farmers WITHOUT access to formal institutional credit",
        "credit_need_per_farmer_usd": "Estimated annual credit need per farmer based on avg loan sizes and demand studies (USD)",
        "sources": "Detailed sources per organisational data field per country",
        "aum_sources": "Detailed sources per financial data field per country",
        "notes": "N/A = data not available or model not used in that country. Estimates marked as ESTIMATE in sources."
    }
}